CustomerID,Recency,Frequency,Monetary,R_Score,F_Score,M_Score,RFM_Score,RFM_Total,Segmento
12346,529,11,372.86,1,5,2,152,8,Otros
12347,2,8,5633.32,5,4,5,545,14,Campeones
12348,75,5,2019.4,3,4,4,344,11,Leales
12349,19,3,3678.69,5,3,5,535,13,Otros
12350,310,1,334.40000000000003,2,1,2,212,5,Necesitan atención
12351,375,1,300.93,2,1,2,212,5,Necesitan atención
12352,36,9,2009.54,4,5,4,454,13,Campeones
12353,204,2,406.76,2,2,2,222,6,Necesitan atención
12354,232,1,1079.4,2,1,3,213,6,Necesitan atención
12355,214,2,947.61,2,2,3,223,7,Necesitan atención
12356,23,6,6373.68,4,4,5,445,13,Campeones
12357,33,2,17437.66,4,2,5,425,11,Potenciales leales
12358,2,5,3887.07,5,4,5,545,14,Campeones
12359,58,10,8935.94,4,5,5,455,14,Campeones
12360,52,8,4252.89,4,4,5,445,13,Campeones
12361,287,4,511.25,2,3,2,232,7,Necesitan atención
12362,3,11,5356.2300000000005,5,5,5,555,15,Campeones
12363,110,2,552.0,3,2,2,322,7,Necesitan atención
12364,8,4,1313.1,5,3,4,534,12,Otros
12365,291,1,320.69,2,1,2,212,5,Necesitan atención
12366,634,1,500.24,1,1,2,112,4,Necesitan atención
12367,4,1,168.9,5,1,1,511,7,Potenciales leales
12368,628,1,917.7,1,1,3,113,5,Necesitan atención
12369,413,3,1791.15,1,3,4,134,8,En riesgo
12370,51,7,4320.31,4,4,5,445,13,Campeones
12371,45,5,4067.38,4,4,5,445,13,Campeones
12372,72,3,1298.04,3,3,4,334,10,Otros
12373,311,3,1127.65,2,3,3,233,8,En riesgo
12374,25,4,2989.2200000000003,4,3,5,435,12,Otros
12375,11,2,457.5,5,2,2,522,9,Potenciales leales
12376,390,2,503.15,2,2,2,222,6,Necesitan atención
12377,315,4,3426.32,2,3,5,235,10,En riesgo
12378,130,2,5416.32,3,2,5,325,10,Otros
12379,82,4,1620.22,3,3,4,334,10,Otros
12380,22,9,7967.650000000001,4,5,5,455,14,Campeones
12381,5,5,1845.31,5,4,4,544,13,Campeones
12383,185,5,1850.56,3,4,4,344,11,Leales
12384,29,2,585.27,4,2,2,422,8,Potenciales leales
12385,379,1,1938.4,2,1,4,214,7,Otros
12386,338,2,660.8,2,2,3,223,7,Necesitan atención
12387,415,1,143.94,1,1,1,111,3,Necesitan atención
12388,16,8,3901.11,5,4,5,545,14,Campeones
12389,403,3,1433.33,2,3,4,234,9,En riesgo
12390,80,1,549.84,3,1,2,312,6,Necesitan atención
12391,22,6,2773.42,4,4,4,444,12,Campeones
12392,591,1,234.75,1,1,1,111,3,Necesitan atención
12393,72,6,2399.45,3,4,4,344,11,Leales
12394,64,2,1272.48,3,2,4,324,9,Otros
12395,19,15,5067.27,5,5,5,555,15,Campeones
12396,674,1,931.4300000000001,1,1,3,113,5,Necesitan atención
12397,36,2,2409.9,4,2,4,424,10,Potenciales leales
12398,46,1,1635.66,4,1,4,414,9,Potenciales leales
12399,119,7,1962.3,3,4,4,344,11,Leales
12400,414,1,205.25,1,1,1,111,3,Necesitan atención
12401,303,1,84.3,2,1,1,211,4,Necesitan atención
12402,323,6,1256.9,2,4,4,244,10,En riesgo
12403,50,2,1019.36,4,2,3,423,9,Potenciales leales
12404,682,1,63.24,1,1,1,111,3,Necesitan atención
12405,149,1,1710.39,3,1,4,314,8,Otros
12406,22,5,6390.36,4,4,5,445,13,Campeones
12407,50,5,1708.12,4,4,4,444,12,Campeones
12408,33,8,4340.77,4,4,5,445,13,Campeones
12409,79,7,23419.29,3,4,5,345,12,Leales
12410,309,3,1013.71,2,3,3,233,8,En riesgo
12411,410,1,346.9,2,1,2,212,5,Necesitan atención
12412,75,6,2596.93,3,4,4,344,11,Leales
12413,67,4,999.45,3,3,3,333,9,Necesitan atención
12414,217,6,952.41,2,4,3,243,9,En riesgo
12415,24,27,138694.93,4,5,5,455,14,Campeones
12416,657,1,202.56,1,1,1,111,3,Necesitan atención
12417,3,20,6816.91,5,5,5,555,15,Campeones
12418,113,4,2021.2,3,3,4,334,10,Otros
12419,386,2,503.01,2,2,2,222,6,Necesitan atención
12420,64,1,600.39,3,1,2,312,6,Necesitan atención
12421,16,6,1098.6,5,4,3,543,12,Leales
12422,96,15,4173.35,3,5,5,355,13,Leales
12423,1,10,2622.39,5,5,4,554,14,Campeones
12424,163,4,3340.0299999999997,3,3,5,335,11,Otros
12425,78,2,1741.41,3,2,4,324,9,Otros
12426,195,2,1345.21,2,2,4,224,8,Otros
12427,22,3,1129.3,4,3,3,433,10,Otros
12428,26,8,7405.26,4,4,5,445,13,Campeones
12429,9,8,7485.91,5,4,5,545,14,Campeones
12430,43,1,256.4,4,1,1,411,6,Potenciales leales
12431,36,27,10857.970000000001,4,5,5,455,14,Campeones
12432,43,4,4359.32,4,3,5,435,12,Otros
12433,1,10,20581.26,5,5,5,555,15,Campeones
12434,85,3,1103.43,3,3,3,333,9,Necesitan atención
12435,80,6,13925.93,3,4,5,345,12,Leales
12436,100,1,509.01,3,1,2,312,6,Necesitan atención
12437,2,39,12683.4,5,5,5,555,15,Campeones
12438,14,2,2906.85,5,2,5,525,12,Potenciales leales
12439,683,2,1158.18,1,2,3,123,6,Necesitan atención
12440,462,2,859.2,1,2,3,123,6,Necesitan atención
12441,367,1,347.1,2,1,2,212,5,Necesitan atención
12442,3,1,172.06,5,1,1,511,7,Potenciales leales
12443,732,1,485.31,1,1,2,112,4,Necesitan atención
12444,21,5,5005.46,4,4,5,445,13,Campeones
12445,22,2,434.98,4,2,2,422,8,Potenciales leales
12446,58,1,1002.3100000000001,4,1,3,413,8,Potenciales leales
12447,243,1,476.49,2,1,2,212,5,Necesitan atención
12448,44,1,449.45,4,1,2,412,7,Potenciales leales
12449,22,6,4835.89,4,4,5,445,13,Campeones
12450,156,5,688.2,3,4,3,343,10,Leales
12451,11,8,12669.88,5,4,5,545,14,Campeones
12452,17,2,430.57000000000005,5,2,2,522,9,Potenciales leales
12453,134,1,707.09,3,1,3,313,7,Necesitan atención
12454,56,4,11897.86,4,3,5,435,12,Otros
12455,73,10,5879.95,3,5,5,355,13,Leales
12456,44,3,3181.04,4,3,5,435,12,Otros
12457,66,8,2995.91,3,4,5,345,12,Leales
12458,71,4,1777.49,3,3,4,334,10,Otros
12459,605,1,454.36,1,1,2,112,4,Necesitan atención
12460,456,1,326.65,1,1,2,112,4,Necesitan atención
12461,94,2,826.88,3,2,3,323,8,Necesitan atención
12462,19,2,1189.59,5,2,3,523,10,Potenciales leales
12463,53,4,1344.78,4,3,4,434,11,Otros
12464,10,8,1212.05,5,4,3,543,12,Leales
12465,17,2,742.19,5,2,3,523,10,Potenciales leales
12466,682,1,56.73,1,1,1,111,3,Necesitan atención
12467,423,1,132.8,1,1,1,111,3,Necesitan atención
12468,188,5,3670.7400000000002,3,4,5,345,12,Leales
12469,523,2,3070.54,1,2,5,125,8,Otros
12470,690,1,211.95,1,1,1,111,3,Necesitan atención
12471,2,78,39483.79,5,5,5,555,15,Campeones
12472,32,19,17880.59,4,5,5,455,14,Campeones
12473,29,5,2965.15,4,4,5,445,13,Campeones
12474,17,31,12424.45,5,5,5,555,15,Campeones
12475,54,2,1149.64,4,2,3,423,9,Potenciales leales
12476,16,23,14115.41,5,5,5,555,15,Campeones
12477,23,9,20276.37,4,5,5,455,14,Campeones
12478,4,1,680.99,5,1,3,513,9,Potenciales leales
12479,11,1,527.2,5,1,2,512,8,Potenciales leales
12480,28,7,5464.85,4,4,5,445,13,Campeones
12481,23,14,12055.39,4,5,5,455,14,Campeones
12482,576,27,21423.32,1,5,5,155,11,En riesgo
12483,17,19,5120.58,5,5,5,555,15,Campeones
12484,33,12,6370.15,4,5,5,455,14,Campeones
12485,529,1,708.1,1,1,3,113,5,Necesitan atención
12486,432,1,1037.28,1,1,3,113,5,Necesitan atención
12487,731,1,285.3,1,1,1,111,3,Necesitan atención
12488,10,3,1298.66,5,3,4,534,12,Otros
12489,336,1,334.93,2,1,2,212,5,Necesitan atención
12490,5,21,9823.64,5,5,5,555,15,Campeones
12491,39,1,460.40000000000003,4,1,2,412,7,Potenciales leales
12492,63,3,715.21,3,3,3,333,9,Necesitan atención
12493,166,2,433.74,3,2,2,322,7,Necesitan atención
12494,16,9,1872.8700000000001,5,5,4,554,14,Campeones
12495,641,1,357.4,1,1,2,112,4,Necesitan atención
12496,620,2,54.09,1,2,1,121,4,Necesitan atención
12497,82,3,6248.5,3,3,5,335,11,Otros
12498,21,3,403.70000000000005,4,3,2,432,9,Otros
12499,560,1,393.72,1,1,2,112,4,Necesitan atención
12500,23,19,5955.21,4,5,5,455,14,Campeones
12501,337,1,2169.39,2,1,4,214,7,Otros
12502,96,5,3723.87,3,4,5,345,12,Leales
12504,18,4,779.05,5,3,3,533,11,Otros
12505,409,1,955.2,2,1,3,213,6,Necesitan atención
12506,233,1,73.5,2,1,1,211,4,Necesitan atención
12507,134,4,1844.06,3,3,4,334,10,Otros
12508,26,2,398.27,4,2,2,422,8,Potenciales leales
12509,284,1,176.5,2,1,1,211,4,Necesitan atención
12510,143,7,3767.03,3,4,5,345,12,Leales
12511,429,1,3084.02,1,1,5,115,7,Otros
12512,66,2,138.03,3,2,1,321,6,Necesitan atención
12513,113,1,612.29,3,1,3,313,7,Necesitan atención
12514,267,2,1597.76,2,2,4,224,8,Otros
12515,353,1,383.7,2,1,2,212,5,Necesitan atención
12516,78,4,2648.62,3,3,4,334,10,Otros
12517,28,5,2502.84,4,4,4,444,12,Campeones
12518,1,5,2056.89,5,4,4,544,13,Campeones
12519,64,2,726.54,3,2,3,323,8,Necesitan atención
12520,79,5,2634.26,3,4,4,344,11,Leales
12521,143,1,599.6800000000001,3,1,2,312,6,Necesitan atención
12522,39,2,192.72,4,2,1,421,7,Potenciales leales
12523,19,23,4372.15,5,5,5,555,15,Campeones
12524,9,17,11126.11,5,5,5,555,15,Campeones
12525,498,3,973.73,1,3,3,133,7,En riesgo
12526,1,3,1316.66,5,3,4,534,12,Otros
12527,82,5,735.51,3,4,3,343,10,Leales
12528,9,6,1933.48,5,4,4,544,13,Campeones
12529,528,1,316.48,1,1,2,112,4,Necesitan atención
12530,60,9,3759.26,3,5,5,355,13,Leales
12531,15,2,1933.2,5,2,4,524,11,Potenciales leales
12532,30,1,349.83000000000004,4,1,2,412,7,Potenciales leales
12533,628,2,1367.89,1,2,4,124,7,Otros
12534,131,1,1089.18,3,1,3,313,7,Necesitan atención
12535,92,2,716.35,3,2,3,323,8,Necesitan atención
12536,59,1,4279.71,4,1,5,415,10,Potenciales leales
12537,409,1,732.94,2,1,3,213,6,Necesitan atención
12538,29,2,640.45,4,2,3,423,9,Potenciales leales
12539,22,7,11214.75,4,4,5,445,13,Campeones
12540,20,33,22254.49,4,5,5,455,14,Campeones
12541,30,3,981.18,4,3,3,433,10,Otros
12542,484,2,481.88,1,2,2,122,5,Necesitan atención
12543,448,1,980.25,1,1,3,113,5,Necesitan atención
12544,36,1,372.7,4,1,2,412,7,Potenciales leales
12545,75,2,1000.39,3,2,3,323,8,Necesitan atención
12546,47,2,1161.5,4,2,3,423,9,Potenciales leales
12547,198,3,383.58,2,3,2,232,7,Necesitan atención
12548,166,1,95.19999999999999,3,1,1,311,5,Necesitan atención
12549,576,6,1575.68,1,4,4,144,9,En riesgo
12550,79,1,964.8299999999999,3,1,3,313,7,Necesitan atención
12551,358,1,168.0,2,1,1,211,4,Necesitan atención
12552,39,2,437.82,4,2,2,422,8,Potenciales leales
12553,8,12,4608.75,5,5,5,555,15,Campeones
12554,449,1,468.5,1,1,2,112,4,Necesitan atención
12555,682,1,129.23,1,1,1,111,3,Necesitan atención
12556,50,2,603.71,4,2,2,422,8,Potenciales leales
12557,16,8,18716.14,5,4,5,545,14,Campeones
12558,8,1,269.96,5,1,1,511,7,Potenciales leales
12559,311,2,561.71,2,2,2,222,6,Necesitan atención
12560,5,3,2134.01,5,3,4,534,12,Otros
12561,303,1,238.85,2,1,1,211,4,Necesitan atención
12562,8,9,4966.92,5,5,5,555,15,Campeones
12563,409,1,249.24,2,1,1,211,4,Necesitan atención
12564,261,1,456.9,2,1,2,212,5,Necesitan atención
12565,289,1,145.92000000000002,2,1,1,211,4,Necesitan atención
12566,86,1,351.65,3,1,2,312,6,Necesitan atención
12567,23,15,13709.86,4,5,5,455,14,Campeones
12568,645,1,70.0,1,1,1,111,3,Necesitan atención
12569,2,32,4124.6900000000005,5,5,5,555,15,Campeones
12570,682,1,77.52,1,1,1,111,3,Necesitan atención
12571,40,2,519.61,4,2,2,422,8,Potenciales leales
12572,9,2,1020.4200000000001,5,2,3,523,10,Potenciales leales
12573,227,5,717.41,2,4,3,243,9,En riesgo
12574,316,1,218.45000000000002,2,1,1,211,4,Necesitan atención
12575,457,2,622.82,1,2,3,123,6,Necesitan atención
12576,36,8,2142.7200000000003,4,4,4,444,12,Campeones
12577,35,8,1653.75,4,4,4,444,12,Campeones
12578,21,4,4642.45,4,3,5,435,12,Otros
12579,78,1,440.42,3,1,2,312,6,Necesitan atención
12580,247,2,1052.9,2,2,3,223,7,Necesitan atención
12581,40,1,197.71,4,1,1,411,6,Potenciales leales
12582,239,4,1980.4,2,3,4,234,9,En riesgo
12583,3,27,14447.44,5,5,5,555,15,Campeones
12584,4,9,2338.15,5,5,4,554,14,Campeones
12585,234,2,2040.1,2,2,4,224,8,Otros
12586,17,4,2062.67,5,3,4,534,12,Otros
12587,8,1,144.0,5,1,1,511,7,Potenciales leales
12588,39,4,958.78,4,3,3,433,10,Otros
12589,29,7,3639.91,4,4,5,445,13,Campeones
12590,211,1,8951.26,2,1,5,215,8,Otros
12591,317,3,1352.15,2,3,4,234,9,En riesgo
12592,92,4,1867.64,3,3,4,334,10,Otros
12593,109,3,418.1,3,3,2,332,8,Necesitan atención
12594,38,15,5090.110000000001,4,5,5,455,14,Campeones
12595,505,1,299.02,1,1,2,112,4,Necesitan atención
12596,51,2,618.27,4,2,3,423,9,Potenciales leales
12597,19,4,3811.22,5,3,5,535,13,Otros
12598,10,11,4534.09,5,5,5,555,15,Campeones
12599,29,13,2296.72,4,5,4,454,13,Campeones
12600,29,21,5043.92,4,5,5,455,14,Campeones
12601,190,6,681.26,2,4,3,243,9,En riesgo
12602,59,1,153.12,4,1,1,411,6,Potenciales leales
12603,22,1,739.1999999999999,4,1,3,413,8,Potenciales leales
12604,79,2,254.18,3,2,1,321,6,Necesitan atención
12605,376,4,1232.95,2,3,4,234,9,En riesgo
12606,682,1,21.0,1,1,1,111,3,Necesitan atención
12607,60,1,1579.51,3,1,4,314,8,Otros
12608,405,1,415.79,2,1,2,212,5,Necesitan atención
12609,78,9,3435.86,3,5,5,355,13,Leales
12610,23,5,2099.54,4,4,4,444,12,Campeones
12611,52,1,1193.32,4,1,3,413,8,Potenciales leales
12612,74,1,704.04,3,1,3,313,7,Necesitan atención
12613,57,10,6835.07,4,5,5,455,14,Campeones
12614,278,1,315.6,2,1,2,212,5,Necesitan atención
12615,2,8,5740.9800000000005,5,4,5,545,14,Campeones
12616,95,3,1131.1,3,3,3,333,9,Necesitan atención
12617,29,1,355.53000000000003,4,1,2,412,7,Potenciales leales
12618,22,1,177.31,4,1,1,411,6,Potenciales leales
12619,16,9,3391.7,5,5,5,555,15,Campeones
12620,15,3,1339.41,5,3,4,534,12,Otros
12621,2,35,24385.81,5,5,5,555,15,Campeones
12622,232,1,180.1,2,1,1,211,4,Necesitan atención
12623,276,7,3747.84,2,4,5,245,11,En riesgo
12624,106,2,641.13,3,2,3,323,8,Necesitan atención
12625,212,4,5164.88,2,3,5,235,10,En riesgo
12626,23,9,6620.4800000000005,4,5,5,455,14,Campeones
12627,11,7,4478.53,5,4,5,545,14,Campeones
12628,4,3,786.46,5,3,3,533,11,Otros
12629,386,2,1558.22,2,2,4,224,8,Otros
12630,10,2,1270.88,5,2,4,524,11,Potenciales leales
12631,57,6,3481.57,4,4,5,445,13,Campeones
12632,521,2,804.88,1,2,3,123,6,Necesitan atención
12633,59,7,5678.16,4,4,5,445,13,Campeones
12634,536,2,490.0,1,2,2,122,5,Necesitan atención
12635,90,4,2930.41,3,3,5,335,11,Otros
12636,739,1,141.0,1,1,1,111,3,Necesitan atención
12637,67,12,8340.31,3,5,5,355,13,Leales
12638,33,2,921.49,4,2,3,423,9,Potenciales leales
12639,239,3,1312.3700000000001,2,3,4,234,9,En riesgo
12640,24,3,1174.58,4,3,3,433,10,Otros
12641,115,1,185.9,3,1,1,311,5,Necesitan atención
12642,25,3,1013.26,4,3,3,433,10,Otros
12643,128,12,7350.22,3,5,5,355,13,Leales
12644,130,4,1918.49,3,3,4,334,10,Otros
12645,34,8,3539.3,4,4,5,445,13,Campeones
12646,5,2,1346.97,5,2,4,524,11,Potenciales leales
12647,22,35,17634.35,4,5,5,455,14,Campeones
12648,155,4,1112.0,3,3,3,333,9,Necesitan atención
12649,107,8,2294.65,3,4,4,344,11,Leales
12650,3,1,314.44,5,1,2,512,8,Potenciales leales
12651,335,4,377.75,2,3,2,232,7,Necesitan atención
12652,331,2,1017.03,2,2,3,223,7,Necesitan atención
12653,149,3,4160.83,3,3,5,335,11,Otros
12654,11,5,601.98,5,4,2,542,11,Leales
12655,424,1,261.35,1,1,1,111,3,Necesitan atención
12656,17,8,6407.83,5,4,5,545,14,Campeones
12657,11,4,1643.18,5,3,4,534,12,Otros
12658,19,1,686.05,5,1,3,513,9,Potenciales leales
12659,30,1,91.68,4,1,1,411,6,Potenciales leales
12660,11,1,245.10000000000002,5,1,1,511,7,Potenciales leales
12661,436,1,162.0,1,1,1,111,3,Necesitan atención
12662,1,20,6988.02,5,5,5,555,15,Campeones
12663,625,2,239.4,1,2,1,121,4,Necesitan atención
12664,8,11,6070.04,5,5,5,555,15,Campeones
12665,325,3,313.6,2,3,2,232,7,Necesitan atención
12666,394,1,1248.42,2,1,4,214,7,Otros
12667,58,1,620.13,4,1,3,413,8,Potenciales leales
12668,12,10,11444.68,5,5,5,555,15,Campeones
12669,151,2,1607.73,3,2,4,324,9,Otros
12670,10,7,3760.29,5,4,5,545,14,Campeones
12671,606,1,2622.481,1,1,4,114,6,Otros
12672,330,2,437.05,2,2,2,222,6,Necesitan atención
12673,5,3,1230.02,5,3,4,534,12,Otros
12674,39,4,1970.6,4,3,4,434,11,Otros
12675,554,2,958.5,1,2,3,123,6,Necesitan atención
12676,25,11,2843.09,4,5,4,454,13,Campeones
12677,555,2,395.1,1,2,2,122,5,Necesitan atención
12678,42,20,32468.7,4,5,5,455,14,Campeones
12679,59,4,1113.02,4,3,3,433,10,Otros
12680,1,4,880.81,5,3,3,533,11,Otros
12681,15,45,30868.28,5,5,5,555,15,Campeones
12682,4,52,24033.91,5,5,5,555,15,Campeones
12683,4,21,12696.78,5,5,5,555,15,Campeones
12684,8,7,2283.63,5,4,4,544,13,Campeones
12685,28,6,2863.08,4,4,4,444,12,Campeones
12686,372,1,178.28,2,1,1,211,4,Necesitan atención
12687,481,1,1858.91,1,1,4,114,6,Otros
12688,114,1,4873.81,3,1,5,315,9,Otros
12689,26,2,1247.6100000000001,4,2,4,424,10,Potenciales leales
12690,206,1,389.01,2,1,2,212,5,Necesitan atención
12691,28,7,1170.4,4,4,3,443,11,Leales
12692,637,1,110.95,1,1,1,111,3,Necesitan atención
12693,127,7,1703.02,3,4,4,344,11,Leales
12694,70,3,1843.35,3,3,4,334,10,Otros
12695,7,7,1407.1200000000001,5,4,4,544,13,Campeones
12696,435,2,851.91,1,2,3,123,6,Necesitan atención
12697,29,3,957.59,4,3,3,433,10,Otros
12698,590,1,339.75,1,1,2,112,4,Necesitan atención
12699,418,1,638.11,1,1,3,113,5,Necesitan atención
12700,8,4,4939.99,5,3,5,535,13,Otros
12701,80,6,2446.41,3,4,4,344,11,Leales
12702,20,1,219.0,4,1,1,411,6,Potenciales leales
12703,71,4,1006.53,3,3,3,333,9,Necesitan atención
12704,7,8,2340.84,5,4,4,544,13,Campeones
12705,15,14,11762.1,5,5,5,555,15,Campeones
12707,292,1,603.42,2,1,2,212,5,Necesitan atención
12708,30,18,5314.1,4,5,5,455,14,Campeones
12709,15,33,30877.34,5,5,5,555,15,Campeones
12710,97,3,1149.02,3,3,3,333,9,Necesitan atención
12711,612,2,1339.05,1,2,4,124,7,Otros
12712,29,21,7193.66,4,5,5,455,14,Campeones
12713,1,1,848.55,5,1,3,513,9,Potenciales leales
12714,9,12,14093.710000000001,5,5,5,555,15,Campeones
12715,106,1,353.86,3,1,2,312,6,Necesitan atención
12716,4,2,1053.49,5,2,3,523,10,Potenciales leales
12717,151,3,1308.91,3,3,4,334,10,Otros
12718,71,1,238.25,3,1,1,311,5,Necesitan atención
12719,5,2,644.95,5,2,3,523,10,Potenciales leales
12720,3,30,8260.67,5,5,5,555,15,Campeones
12721,32,8,4013.08,4,4,5,445,13,Campeones
12722,85,4,997.63,3,3,3,333,9,Necesitan atención
12723,4,5,725.07,5,4,3,543,12,Leales
12724,5,7,2317.52,5,4,4,544,13,Campeones
12725,371,3,2474.56,2,3,4,234,9,En riesgo
12726,28,11,4014.6,4,5,5,455,14,Campeones
12727,11,10,5679.53,5,5,5,555,15,Campeones
12728,71,5,1070.17,3,4,3,343,10,Leales
12729,114,1,453.01,3,1,2,312,6,Necesitan atención
12730,522,1,829.25,1,1,3,113,5,Necesitan atención
12731,24,17,25775.71,4,5,5,455,14,Campeones
12732,180,1,236.26,3,1,1,311,5,Necesitan atención
12733,234,4,2424.87,2,3,4,234,9,En riesgo
12734,353,3,639.65,2,3,3,233,8,En riesgo
12735,315,2,779.5699999999999,2,2,3,223,7,Necesitan atención
12736,333,1,234.0,2,1,1,211,4,Necesitan atención
12737,499,1,100.0,1,1,1,111,3,Necesitan atención
12738,372,1,310.7,2,1,2,212,5,Necesitan atención
12739,78,4,2473.73,3,3,4,334,10,Otros
12740,64,1,427.6,3,1,2,312,6,Necesitan atención
12741,533,1,236.07,1,1,1,111,3,Necesitan atención
12742,626,1,1201.52,1,1,3,113,5,Necesitan atención
12743,134,2,546.43,3,2,2,322,7,Necesitan atención
12744,56,9,13320.76,4,5,5,455,14,Campeones
12745,487,2,723.85,1,2,3,123,6,Necesitan atención
12746,541,1,254.55,1,1,1,111,3,Necesitan atención
12747,2,26,9276.54,5,5,5,555,15,Campeones
12748,1,330,52911.27,5,5,5,555,15,Campeones
12749,4,9,6897.36,5,5,5,555,15,Campeones
12750,129,1,275.88,3,1,1,311,5,Necesitan atención
12751,445,1,268.27,1,1,1,111,3,Necesitan atención
12752,81,1,4366.78,3,1,5,315,9,Otros
12753,23,6,21429.39,4,4,5,445,13,Campeones
12754,236,3,1536.1799999999998,2,3,4,234,9,En riesgo
12755,281,10,1441.86,2,5,4,254,11,En riesgo
12756,87,1,112.08,3,1,1,311,5,Necesitan atención
12757,16,9,4257.7,5,5,5,555,15,Campeones
12758,117,7,9903.24,3,4,5,345,12,Leales
12759,52,8,5020.74,4,4,5,445,13,Campeones
12760,456,1,347.8,1,1,2,112,4,Necesitan atención
12761,458,2,782.95,1,2,3,123,6,Necesitan atención
12762,8,2,1898.52,5,2,4,524,11,Potenciales leales
12763,138,2,814.16,3,2,3,323,8,Necesitan atención
12764,317,1,1693.88,2,1,4,214,7,Otros
12765,472,6,1404.58,1,4,4,144,9,En riesgo
12766,4,9,10068.28,5,5,5,555,15,Campeones
12767,376,1,949.82,2,1,3,213,6,Necesitan atención
12768,451,1,168.69,1,1,1,111,3,Necesitan atención
12769,239,1,1143.6,2,1,3,213,6,Necesitan atención
12770,211,2,3246.45,2,2,5,225,9,Otros
12771,486,1,282.3,1,1,1,111,3,Necesitan atención
12772,60,1,892.47,3,1,3,313,7,Necesitan atención
12773,564,1,124.25,1,1,1,111,3,Necesitan atención
12774,536,1,98.7,1,1,1,111,3,Necesitan atención
12775,17,7,1686.1200000000001,5,4,4,544,13,Campeones
12776,668,1,55.5,1,1,1,111,3,Necesitan atención
12777,458,1,519.45,1,1,2,112,4,Necesitan atención
12778,20,9,1775.68,4,5,4,454,13,Campeones
12779,38,14,6722.2699999999995,4,5,5,455,14,Campeones
12780,599,1,337.4,1,1,2,112,4,Necesitan atención
12781,64,2,826.74,3,2,3,323,8,Necesitan atención
12782,5,11,4618.24,5,5,5,555,15,Campeones
12783,2,4,1603.87,5,3,4,534,12,Otros
12784,9,3,1804.75,5,3,4,534,12,Otros
12785,364,3,1100.4,2,3,3,233,8,En riesgo
12786,610,1,728.5,1,1,3,113,5,Necesitan atención
12787,10,4,862.1800000000001,5,3,3,533,11,Otros
12788,463,4,444.90000000000003,1,3,2,132,6,Necesitan atención
12789,65,3,273.35,3,3,1,331,7,Necesitan atención
12790,192,2,591.85,2,2,2,222,6,Necesitan atención
12791,374,6,1056.1100000000001,2,4,3,243,9,En riesgo
12792,257,2,827.01,2,2,3,223,7,Necesitan atención
12793,335,3,1017.33,2,3,3,233,8,En riesgo
12794,53,2,860.41,4,2,3,423,9,Potenciales leales
12795,19,1,430.48,5,1,2,512,8,Potenciales leales
12796,628,1,381.0,1,1,2,112,4,Necesitan atención
12797,366,2,806.11,2,2,3,223,7,Necesitan atención
12798,171,2,2518.85,3,2,4,324,9,Otros
12799,529,1,219.35,1,1,1,111,3,Necesitan atención
12800,470,3,584.25,1,3,2,132,6,Necesitan atención
12801,501,1,1071.82,1,1,3,113,5,Necesitan atención
12802,187,7,2416.42,3,4,4,344,11,Leales
12803,393,1,1092.81,2,1,3,213,6,Necesitan atención
12804,466,2,327.02,1,2,2,122,5,Necesitan atención
12805,382,4,1434.95,2,3,4,234,9,En riesgo
12806,435,4,2059.7200000000003,1,3,4,134,8,En riesgo
12807,383,1,330.35,2,1,2,212,5,Necesitan atención
12808,37,5,906.1,4,4,3,443,11,Leales
12809,178,3,1755.94,3,3,4,334,10,Otros
12810,535,2,534.99,1,2,2,122,5,Necesitan atención
12811,261,5,1033.9,2,4,3,243,9,En riesgo
12812,45,1,229.64000000000001,4,1,1,411,6,Potenciales leales
12813,502,3,1687.8,1,3,4,134,8,En riesgo
12814,102,1,125.92,3,1,1,311,5,Necesitan atención
12815,148,2,1063.46,3,2,3,323,8,Necesitan atención
12816,96,2,572.2,3,2,2,322,7,Necesitan atención
12817,281,3,690.98,2,3,3,233,8,En riesgo
12818,262,1,1542.08,2,1,4,214,7,Otros
12819,458,1,540.52,1,1,2,112,4,Necesitan atención
12820,3,11,2689.52,5,5,4,554,14,Campeones
12821,214,2,220.8,2,2,1,221,5,Necesitan atención
12822,71,2,948.88,3,2,3,323,8,Necesitan atención
12823,75,18,6501.5,3,5,5,355,13,Leales
12824,60,1,397.12,3,1,2,312,6,Necesitan atención
12825,521,2,518.63,1,2,2,122,5,Necesitan atención
12826,3,12,2955.75,5,5,5,555,15,Campeones
12827,6,3,430.15,5,3,2,532,10,Otros
12828,3,6,1018.71,5,4,3,543,12,Leales
12829,337,3,385.3,2,3,2,232,7,Necesitan atención
12830,38,5,4536.5599999999995,4,4,5,445,13,Campeones
12831,262,3,451.11,2,3,2,232,7,Necesitan atención
12832,32,2,383.03000000000003,4,2,2,422,8,Potenciales leales
12833,145,1,417.38,3,1,2,312,6,Necesitan atención
12834,283,1,312.38,2,1,2,212,5,Necesitan atención
12835,428,41,6043.31,1,5,5,155,11,En riesgo
12836,59,15,6585.62,4,5,5,455,14,Campeones
12837,173,2,688.41,3,2,3,323,8,Necesitan atención
12838,34,10,3398.48,4,5,5,455,14,Campeones
12839,3,26,10071.73,5,5,5,555,15,Campeones
12840,144,7,4041.9700000000003,3,4,5,345,12,Leales
12841,5,40,7540.68,5,5,5,555,15,Campeones
12842,70,4,1917.99,3,3,4,334,10,Otros
12843,66,30,6588.41,3,5,5,355,13,Leales
12844,29,4,648.6,4,3,3,433,10,Otros
12845,267,4,354.09000000000003,2,3,2,232,7,Necesitan atención
12846,682,1,15.58,1,1,1,111,3,Necesitan atención
12847,22,2,1636.9,4,2,4,424,10,Potenciales leales
12848,676,1,208.0,1,1,1,111,3,Necesitan atención
12849,31,6,3090.56,4,4,5,445,13,Campeones
12850,446,1,330.0,1,1,2,112,4,Necesitan atención
12851,97,2,284.13,3,2,1,321,6,Necesitan atención
12852,295,1,311.55,2,1,2,212,5,Necesitan atención
12853,135,11,3907.5,3,5,5,355,13,Leales
12854,79,7,2994.02,3,4,5,345,12,Leales
12855,373,4,485.94,2,3,2,232,7,Necesitan atención
12856,8,6,2179.93,5,4,4,544,13,Campeones
12857,211,6,3688.0,2,4,5,245,11,En riesgo
12858,383,1,177.92,2,1,1,211,4,Necesitan atención
12859,459,1,575.1,1,1,2,112,4,Necesitan atención
12860,693,1,55.47,1,1,1,111,3,Necesitan atención
12861,620,1,68.25,1,1,1,111,3,Necesitan atención
12862,426,2,1008.32,1,2,3,123,6,Necesitan atención
12863,52,6,2792.55,4,4,4,444,12,Campeones
12864,138,2,299.57,3,2,2,322,7,Necesitan atención
12865,26,4,3323.4700000000003,4,3,5,435,12,Otros
12866,283,3,1227.35,2,3,4,234,9,En riesgo
12867,26,13,7913.29,4,5,5,455,14,Campeones
12868,186,8,2247.06,3,4,4,344,11,Leales
12869,682,1,337.66999999999996,1,1,2,112,4,Necesitan atención
12870,375,3,1676.95,2,3,4,234,9,En riesgo
12871,84,3,744.02,3,3,3,333,9,Necesitan atención
12872,327,12,3685.4900000000002,2,5,5,255,12,En riesgo
12873,282,3,2027.3,2,3,4,234,9,En riesgo
12874,385,2,948.42,2,2,3,223,7,Necesitan atención
12875,143,4,671.5500000000001,3,3,3,333,9,Necesitan atención
12876,58,4,4081.79,4,3,5,435,12,Otros
12877,4,20,2955.17,5,5,5,555,15,Campeones
12878,236,2,854.99,2,2,3,223,7,Necesitan atención
12879,45,3,573.22,4,3,2,432,9,Otros
12880,382,2,640.13,2,2,3,223,7,Necesitan atención
12881,276,1,103.0,2,1,1,211,4,Necesitan atención
12882,9,2,1463.04,5,2,4,524,11,Potenciales leales
12883,25,4,703.47,4,3,3,433,10,Otros
12884,88,1,309.05,3,1,2,312,6,Necesitan atención
12885,63,3,1175.22,3,3,3,333,9,Necesitan atención
12886,68,2,1378.4,3,2,4,324,9,Otros
12887,384,1,222.4,2,1,1,211,4,Necesitan atención
12888,214,2,354.12,2,2,2,222,6,Necesitan atención
12889,381,4,385.46000000000004,2,3,2,232,7,Necesitan atención
12890,24,2,717.27,4,2,3,423,9,Potenciales leales
12891,186,9,432.5,3,5,2,352,10,Leales
12892,397,1,263.38,2,1,1,211,4,Necesitan atención
12893,31,1,188.14,4,1,1,411,6,Potenciales leales
12894,575,1,157.35,1,1,1,111,3,Necesitan atención
12895,42,2,372.8,4,2,2,422,8,Potenciales leales
12897,205,4,514.25,2,3,2,232,7,Necesitan atención
12898,464,2,310.96,1,2,2,122,5,Necesitan atención
12899,414,1,366.4,1,1,2,112,4,Necesitan atención
12900,422,1,340.33000000000004,1,1,2,112,4,Necesitan atención
12901,10,23,8874.68,5,5,5,555,15,Campeones
12902,265,1,138.68,2,1,1,211,4,Necesitan atención
12903,429,1,833.5300000000001,1,1,3,113,5,Necesitan atención
12904,18,2,509.58,5,2,2,522,9,Potenciales leales
12905,577,2,1018.42,1,2,3,123,6,Necesitan atención
12906,12,5,2919.81,5,4,5,545,14,Campeones
12907,396,2,508.91,2,2,2,222,6,Necesitan atención
12909,40,8,2938.19,4,4,5,445,13,Campeones
12910,23,13,5796.52,4,5,5,455,14,Campeones
12911,552,1,1680.47,1,1,4,114,6,Otros
12912,3,5,1662.3000000000002,5,4,4,544,13,Campeones
12913,5,13,6700.86,5,5,5,555,15,Campeones
12914,401,1,223.98,2,1,1,211,4,Necesitan atención
12915,149,4,1174.75,3,3,3,333,9,Necesitan atención
12916,139,7,4654.02,3,4,5,345,12,Leales
12917,128,6,4359.2,3,4,5,345,12,Leales
12919,8,6,1335.19,5,4,4,544,13,Campeones
12920,17,4,488.09000000000003,5,3,2,532,10,Otros
12921,9,74,35921.04,5,5,5,555,15,Campeones
12922,161,1,405.38,3,1,2,312,6,Necesitan atención
12923,64,3,789.87,3,3,3,333,9,Necesitan atención
12924,88,12,2469.4,3,5,4,354,12,Leales
12925,5,3,729.33,5,3,3,533,11,Otros
12926,411,4,1548.46,1,3,4,134,8,En riesgo
12927,395,1,197.31,2,1,1,211,4,Necesitan atención
12928,35,12,4304.89,4,5,5,455,14,Campeones
12929,312,1,117.85,2,1,1,211,4,Necesitan atención
12930,78,2,415.8,3,2,2,322,7,Necesitan atención
12931,22,52,67417.1,4,5,5,455,14,Campeones
12932,539,8,1698.56,1,4,4,144,9,En riesgo
12933,24,8,1687.03,4,4,4,444,12,Campeones
12934,737,1,181.65,1,1,1,111,3,Necesitan atención
12935,2,15,4243.86,5,5,5,555,15,Campeones
12936,17,4,1063.9,5,3,3,533,11,Otros
12937,15,9,3097.61,5,5,5,555,15,Campeones
12938,26,1,114.14,4,1,1,411,6,Potenciales leales
12939,64,20,25264.8,3,5,5,355,13,Leales
12940,55,2,913.54,4,2,3,423,9,Potenciales leales
12941,724,1,377.49,1,1,2,112,4,Necesitan atención
12942,131,3,942.65,3,3,3,333,9,Necesitan atención
12943,558,2,496.5,1,2,2,122,5,Necesitan atención
12944,36,2,604.51,4,2,2,422,8,Potenciales leales
12945,288,2,900.11,2,2,3,223,7,Necesitan atención
12946,437,1,324.45,1,1,2,112,4,Necesitan atención
12947,144,6,1908.03,3,4,4,344,11,Leales
12948,16,9,2317.43,5,5,4,554,14,Campeones
12949,31,22,15526.7,4,5,5,455,14,Campeones
12950,2,3,1843.0,5,3,4,534,12,Otros
12951,9,15,3213.7200000000003,5,5,5,555,15,Campeones
12952,6,4,1387.79,5,3,4,534,12,Otros
12953,10,2,828.8100000000001,5,2,3,523,10,Potenciales leales
12954,639,1,162.45,1,1,1,111,3,Necesitan atención
12955,1,11,4757.16,5,5,5,555,15,Campeones
12956,306,4,521.89,2,3,2,232,7,Necesitan atención
12957,10,13,8706.97,5,5,5,555,15,Campeones
12958,400,2,539.49,2,2,2,222,6,Necesitan atención
12959,484,1,150.95,1,1,1,111,3,Necesitan atención
12960,414,4,1322.0700000000002,1,3,4,134,8,En riesgo
12961,379,1,211.98999999999998,2,1,1,211,4,Necesitan atención
12962,7,2,266.39,5,2,1,521,8,Potenciales leales
12963,8,12,3601.59,5,5,5,555,15,Campeones
12964,437,1,132.24,1,1,1,111,3,Necesitan atención
12965,89,1,771.91,3,1,3,313,7,Necesitan atención
12966,10,1,160.18,5,1,1,511,7,Potenciales leales
12967,358,3,4306.92,2,3,5,235,10,En riesgo
12968,112,1,135.95,3,1,1,311,5,Necesitan atención
12969,603,1,122.45,1,1,1,111,3,Necesitan atención
12970,7,10,1524.97,5,5,4,554,14,Campeones
12971,4,116,14842.390000000001,5,5,5,555,15,Campeones
12972,414,4,1161.2,1,3,3,133,7,En riesgo
12973,414,1,385.55,1,1,2,112,4,Necesitan atención
12974,198,2,408.95,2,2,2,222,6,Necesitan atención
12975,437,6,2100.09,1,4,4,144,9,En riesgo
12976,212,8,3156.38,2,4,5,245,11,En riesgo
12977,156,4,517.63,3,3,2,332,8,Necesitan atención
12978,385,5,2502.82,2,4,4,244,10,En riesgo
12979,729,1,517.7,1,1,2,112,4,Necesitan atención
12980,158,21,16245.78,3,5,5,355,13,Leales
12981,30,2,372.21999999999997,4,2,2,422,8,Potenciales leales
12982,243,8,2744.81,2,4,4,244,10,En riesgo
12983,598,1,490.08,1,1,2,112,4,Necesitan atención
12984,19,1,97.5,5,1,1,511,7,Potenciales leales
12985,1,2,1239.38,5,2,4,524,11,Potenciales leales
12986,429,10,2729.84,1,5,4,154,10,En riesgo
12987,74,5,1312.21,3,4,4,344,11,Leales
12988,292,1,535.32,2,1,2,212,5,Necesitan atención
12989,3,31,11931.75,5,5,5,555,15,Campeones
12990,31,7,955.5,4,4,3,443,11,Leales
12991,23,3,764.82,4,3,3,433,10,Otros
12992,725,1,93.35,1,1,1,111,3,Necesitan atención
12993,23,8,1259.63,4,4,4,444,12,Campeones
12994,4,3,974.42,5,3,3,533,11,Otros
12995,85,1,211.32,3,1,1,311,5,Necesitan atención
12996,376,1,355.5,2,1,2,212,5,Necesitan atención
12997,22,8,2110.91,4,4,4,444,12,Campeones
12998,493,3,920.08,1,3,3,133,7,En riesgo
12999,196,3,455.88,2,3,2,232,7,Necesitan atención
13000,107,4,1032.5,3,3,3,333,9,Necesitan atención
13001,4,33,24172.100000000002,5,5,5,555,15,Campeones
13002,318,3,414.13,2,3,2,232,7,Necesitan atención
13003,106,3,149.05,3,3,1,331,7,Necesitan atención
13004,12,36,11650.85,5,5,5,555,15,Campeones
13005,174,4,999.68,3,3,3,333,9,Necesitan atención
13006,56,1,81.57,4,1,1,411,6,Potenciales leales
13007,580,1,175.25,1,1,1,111,3,Necesitan atención
13008,323,3,612.13,2,3,2,232,7,Necesitan atención
13009,673,1,234.0,1,1,1,111,3,Necesitan atención
13010,374,2,330.12,2,2,2,222,6,Necesitan atención
13011,372,1,101.10000000000001,2,1,1,211,4,Necesitan atención
13012,9,11,2972.83,5,5,5,555,15,Campeones
13013,1,29,12625.77,5,5,5,555,15,Campeones
13014,11,11,5381.08,5,5,5,555,15,Campeones
13015,53,11,5996.42,4,5,5,455,14,Campeones
13016,73,3,789.89,3,3,3,333,9,Necesitan atención
13017,7,1,204.0,5,1,1,511,7,Potenciales leales
13018,16,35,9763.16,5,5,5,555,15,Campeones
13019,379,6,1229.95,2,4,4,244,10,En riesgo
13020,563,2,618.96,1,2,3,123,6,Necesitan atención
13021,4,17,4887.24,5,5,5,555,15,Campeones
13022,430,1,65.3,1,1,1,111,3,Necesitan atención
13023,64,3,1449.03,3,3,4,334,10,Otros
13024,471,2,555.87,1,2,2,122,5,Necesitan atención
13025,732,1,323.39,1,1,2,112,4,Necesitan atención
13026,1,9,1733.08,5,5,4,554,14,Campeones
13027,114,17,8121.6,3,5,5,355,13,Leales
13028,23,2,661.3199999999999,4,2,3,423,9,Potenciales leales
13029,31,5,1927.3,4,4,4,444,12,Campeones
13030,11,2,1227.22,5,2,4,524,11,Potenciales leales
13031,407,5,3419.27,2,4,5,245,11,En riesgo
13032,52,9,2843.55,4,5,4,454,13,Campeones
13033,357,2,220.55,2,2,1,221,5,Necesitan atención
13034,55,3,922.6800000000001,4,3,3,433,10,Otros
13035,74,3,1364.2,3,3,4,334,10,Otros
13036,685,1,307.1,1,1,2,112,4,Necesitan atención
13037,138,12,3914.9500000000003,3,5,5,355,13,Leales
13038,80,3,908.46,3,3,3,333,9,Necesitan atención
13039,584,4,1010.73,1,3,3,133,7,En riesgo
13040,9,2,676.99,5,2,3,523,10,Potenciales leales
13041,451,4,799.13,1,3,3,133,7,En riesgo
13042,598,3,1556.54,1,3,4,134,8,En riesgo
13043,273,1,516.42,2,1,2,212,5,Necesitan atención
13044,291,11,4853.9,2,5,5,255,12,En riesgo
13045,99,3,808.9200000000001,3,3,3,333,9,Necesitan atención
13046,31,3,949.25,4,3,3,433,10,Otros
13047,32,24,8795.16,4,5,5,455,14,Campeones
13048,14,9,4084.21,5,5,5,555,15,Campeones
13049,64,4,1408.24,3,3,4,334,10,Otros
13050,15,35,12344.53,5,5,5,555,15,Campeones
13051,579,2,155.8,1,2,1,121,4,Necesitan atención
13052,212,7,3168.53,2,4,5,245,11,En riesgo
13053,622,1,127.65,1,1,1,111,3,Necesitan atención
13055,78,4,2321.11,3,3,4,334,10,Otros
13056,551,1,209.48,1,1,1,111,3,Necesitan atención
13057,530,3,722.09,1,3,3,133,7,En riesgo
13058,25,3,271.4,4,3,1,431,8,Otros
13059,250,10,2303.17,2,5,4,254,11,En riesgo
13060,254,1,307.53000000000003,2,1,2,212,5,Necesitan atención
13061,72,1,248.60999999999999,3,1,1,311,5,Necesitan atención
13062,191,1,346.98,2,1,2,212,5,Necesitan atención
13063,481,1,188.4,1,1,1,111,3,Necesitan atención
13064,13,6,1680.74,5,4,4,544,13,Campeones
13065,373,5,1260.91,2,4,4,244,10,En riesgo
13066,24,2,470.8,4,2,2,422,8,Potenciales leales
13067,82,3,508.51,3,3,2,332,8,Necesitan atención
13068,10,2,344.0,5,2,2,522,9,Potenciales leales
13069,1,38,8703.93,5,5,5,555,15,Campeones
13070,192,4,751.7,2,3,3,233,8,En riesgo
13071,612,1,129.22,1,1,1,111,3,Necesitan atención
13072,267,1,177.15,2,1,1,211,4,Necesitan atención
13073,411,2,418.08,1,2,2,122,5,Necesitan atención
13074,511,4,1378.74,1,3,4,134,8,En riesgo
13075,130,1,919.61,3,1,3,313,7,Necesitan atención
13076,458,1,135.4,1,1,1,111,3,Necesitan atención
13077,1,11,3064.67,5,5,5,555,15,Campeones
13078,3,57,29532.45,5,5,5,555,15,Campeones
13079,4,6,419.18,5,4,2,542,11,Leales
13080,179,4,280.73,3,3,1,331,7,Necesitan atención
13081,12,28,59205.15,5,5,5,555,15,Campeones
13082,126,19,4701.15,3,5,5,355,13,Leales
13083,4,3,395.43,5,3,2,532,10,Otros
13084,492,1,122.39999999999999,1,1,1,111,3,Necesitan atención
13085,158,8,2433.28,3,4,4,344,11,Leales
13086,383,1,439.33000000000004,2,1,2,212,5,Necesitan atención
13087,726,1,313.64,1,1,2,112,4,Necesitan atención
13088,417,1,236.11,1,1,1,111,3,Necesitan atención
13089,3,203,116737.86,5,5,5,555,15,Campeones
13090,9,24,14103.09,5,5,5,555,15,Campeones
13091,28,2,1108.8,4,2,3,423,9,Potenciales leales
13092,71,12,2140.28,3,5,4,354,12,Leales
13093,276,55,54943.65,2,5,5,255,12,En riesgo
13094,21,13,2433.12,4,5,4,454,13,Campeones
13095,71,1,74.39999999999999,3,1,1,311,5,Necesitan atención
13096,394,1,419.7000000000001,2,1,2,212,5,Necesitan atención
13097,33,27,13080.48,4,5,5,455,14,Campeones
13098,1,28,28882.44,5,5,5,555,15,Campeones
13099,99,1,207.36,3,1,1,311,5,Necesitan atención
13101,234,4,695.4,2,3,3,233,8,En riesgo
13102,1,37,11696.92,5,5,5,555,15,Campeones
13103,40,3,709.64,4,3,3,433,10,Otros
13104,3,9,1709.1,5,5,4,554,14,Campeones
13105,436,1,72.0,1,1,1,111,3,Necesitan atención
13106,133,2,438.46000000000004,3,2,2,322,7,Necesitan atención
13107,44,9,5253.07,4,5,5,455,14,Campeones
13108,373,2,1098.52,2,2,3,223,7,Necesitan atención
13109,60,3,1134.03,3,3,3,333,9,Necesitan atención
13110,31,12,2957.4700000000003,4,5,5,455,14,Campeones
13111,719,1,321.88,1,1,2,112,4,Necesitan atención
13112,541,1,20.599999999999998,1,1,1,111,3,Necesitan atención
13113,1,37,18625.73,5,5,5,555,15,Campeones
13114,731,1,234.38,1,1,1,111,3,Necesitan atención
13115,12,10,5494.7,5,5,5,555,15,Campeones
13116,138,1,501.14,3,1,2,312,6,Necesitan atención
13117,22,18,2643.81,4,5,4,454,13,Campeones
13118,20,9,2415.41,4,5,4,454,13,Campeones
13119,669,1,134.9,1,1,1,111,3,Necesitan atención
13120,239,1,30.6,2,1,1,211,4,Necesitan atención
13121,269,1,283.73,2,1,1,211,4,Necesitan atención
13122,94,2,922.39,3,2,3,323,8,Necesitan atención
13123,473,2,506.75,1,2,2,122,5,Necesitan atención
13124,90,4,4782.45,3,3,5,335,11,Otros
13125,524,1,158.57,1,1,1,111,3,Necesitan atención
13126,5,13,3998.25,5,5,5,555,15,Campeones
13127,78,1,259.17,3,1,1,311,5,Necesitan atención
13128,631,1,263.5,1,1,1,111,3,Necesitan atención
13129,452,2,233.25,1,2,1,121,4,Necesitan atención
13130,94,1,64.0,3,1,1,311,5,Necesitan atención
13131,23,7,3313.77,4,4,5,445,13,Campeones
13132,262,1,77.3,2,1,1,211,4,Necesitan atención
13133,274,3,200.45,2,3,1,231,6,Necesitan atención
13134,86,6,2475.23,3,4,4,344,11,Leales
13135,491,1,275.45,1,1,1,111,3,Necesitan atención
13136,56,13,6274.56,4,5,5,455,14,Campeones
13137,11,16,7712.7,5,5,5,555,15,Campeones
13138,22,7,1467.24,4,4,4,444,12,Campeones
13139,16,8,8202.98,5,4,5,545,14,Campeones
13140,108,5,1215.68,3,4,3,343,10,Leales
13141,85,17,7668.58,3,5,5,355,13,Leales
13142,19,1,307.09000000000003,5,1,2,512,8,Potenciales leales
13143,585,1,405.1,1,1,2,112,4,Necesitan atención
13144,333,2,135.35,2,2,1,221,5,Necesitan atención
13145,40,6,833.52,4,4,3,443,11,Leales
13146,26,1,228.91,4,1,1,411,6,Potenciales leales
13147,10,4,712.8,5,3,3,533,11,Otros
13148,29,26,8621.81,4,5,5,455,14,Campeones
13149,14,4,1676.06,5,3,4,534,12,Otros
13150,484,3,449.96999999999997,1,3,2,132,6,Necesitan atención
13151,296,3,2580.7400000000002,2,3,4,234,9,En riesgo
13152,417,7,2146.38,1,4,4,144,9,En riesgo
13153,6,1,486.22,5,1,2,512,8,Potenciales leales
13154,399,3,1624.84,2,3,4,234,9,En riesgo
13155,33,6,1750.18,4,4,4,444,12,Campeones
13156,385,3,1586.54,2,3,4,234,9,En riesgo
13157,49,9,5687.36,4,5,5,455,14,Campeones
13158,95,5,1508.18,3,4,4,344,11,Leales
13159,9,4,1437.85,5,3,4,534,12,Otros
13160,22,1,91.8,4,1,1,411,6,Potenciales leales
13161,313,2,478.88,2,2,2,222,6,Necesitan atención
13162,122,16,9275.49,3,5,5,355,13,Leales
13163,610,1,17.65,1,1,1,111,3,Necesitan atención
13164,569,2,372.2,1,2,2,122,5,Necesitan atención
13165,46,3,1451.1599999999999,4,3,4,434,11,Otros
13166,283,2,884.18,2,2,3,223,7,Necesitan atención
13167,19,5,1125.15,5,4,3,543,12,Leales
13168,36,5,1875.31,4,4,4,444,12,Campeones
13169,64,3,840.08,3,3,3,333,9,Necesitan atención
13170,27,1,116.00999999999999,4,1,1,411,6,Potenciales leales
13171,22,3,468.40999999999997,4,3,2,432,9,Otros
13172,400,1,69.6,2,1,1,211,4,Necesitan atención
13173,4,11,2639.35,5,5,4,554,14,Campeones
13174,16,12,9494.84,5,5,5,555,15,Campeones
13175,582,2,831.45,1,2,3,123,6,Necesitan atención
13176,46,1,492.84,4,1,2,412,7,Potenciales leales
13177,65,2,512.2,3,2,2,322,7,Necesitan atención
13178,26,21,14059.19,4,5,5,455,14,Campeones
13179,619,1,572.3100000000001,1,1,2,112,4,Necesitan atención
13180,607,1,86.1,1,1,1,111,3,Necesitan atención
13181,381,1,359.69,2,1,2,212,5,Necesitan atención
13182,45,1,121.18,4,1,1,411,6,Potenciales leales
13183,8,15,7036.18,5,5,5,555,15,Campeones
13184,15,10,1701.29,5,5,4,554,14,Campeones
13185,268,1,71.4,2,1,1,211,4,Necesitan atención
13186,40,3,1575.89,4,3,4,434,11,Otros
13187,337,4,367.01,2,3,2,232,7,Necesitan atención
13188,11,1,114.6,5,1,1,511,7,Potenciales leales
13189,19,2,260.68,5,2,1,521,8,Potenciales leales
13190,544,3,570.66,1,3,2,132,6,Necesitan atención
13191,658,1,164.69,1,1,1,111,3,Necesitan atención
13192,95,6,2558.58,3,4,4,344,11,Leales
13193,61,1,117.88,3,1,1,311,5,Necesitan atención
13194,136,2,472.78000000000003,3,2,2,322,7,Necesitan atención
13195,414,1,172.38,1,1,1,111,3,Necesitan atención
13196,11,7,3068.84,5,4,5,545,14,Campeones
13197,610,1,373.01000000000005,1,1,2,112,4,Necesitan atención
13198,10,8,4974.2300000000005,5,4,5,545,14,Campeones
13199,4,67,15465.210000000001,5,5,5,555,15,Campeones
13200,19,4,870.09,5,3,3,533,11,Otros
13201,502,4,1240.6100000000001,1,3,4,134,8,En riesgo
13202,394,7,1580.3,2,4,4,244,10,En riesgo
13203,10,10,2648.25,5,5,4,554,14,Campeones
13204,731,1,966.6600000000001,1,1,3,113,5,Necesitan atención
13205,443,1,2803.2,1,1,4,114,6,Otros
13206,400,13,8377.32,2,5,5,255,12,En riesgo
13207,15,4,535.86,5,3,2,532,10,Otros
13208,59,9,1988.5,4,5,4,454,13,Campeones
13209,30,13,8509.51,4,5,5,455,14,Campeones
13210,94,1,353.48,3,1,2,312,6,Necesitan atención
13211,10,10,2729.32,5,5,4,554,14,Campeones
13212,20,3,788.08,4,3,3,433,10,Otros
13213,57,11,3851.52,4,5,5,455,14,Campeones
13214,418,7,3264.23,1,4,5,145,10,En riesgo
13215,402,1,81.6,2,1,1,211,4,Necesitan atención
13216,268,1,333.74,2,1,2,212,5,Necesitan atención
13217,122,4,666.48,3,3,3,333,9,Necesitan atención
13218,127,1,62.64,3,1,1,311,5,Necesitan atención
13219,618,1,76.23,1,1,1,111,3,Necesitan atención
13220,78,5,1336.0900000000001,3,4,4,344,11,Leales
13221,240,2,847.41,2,2,3,223,7,Necesitan atención
13222,577,1,88.5,1,1,1,111,3,Necesitan atención
13223,200,6,969.12,2,4,3,243,9,En riesgo
13224,60,2,2155.95,3,2,4,324,9,Otros
13225,3,16,16260.07,5,5,5,555,15,Campeones
13226,273,2,312.46,2,2,2,222,6,Necesitan atención
13227,202,1,257.7,2,1,1,211,4,Necesitan atención
13228,81,1,358.0,3,1,2,312,6,Necesitan atención
13229,226,1,160.95,2,1,1,211,4,Necesitan atención
13230,4,30,6360.78,5,5,5,555,15,Campeones
13232,13,7,1357.6,5,4,4,544,13,Campeones
13233,74,4,1176.46,3,3,3,333,9,Necesitan atención
13234,673,2,356.95,1,2,2,122,5,Necesitan atención
13235,212,1,1031.07,2,1,3,213,6,Necesitan atención
13236,25,2,744.85,4,2,3,423,9,Potenciales leales
13237,388,1,643.0,2,1,3,213,6,Necesitan atención
13238,17,6,1006.63,5,4,3,543,12,Leales
13239,262,5,1594.69,2,4,4,244,10,En riesgo
13240,96,8,1738.52,3,4,4,344,11,Leales
13241,412,1,115.58,1,1,1,111,3,Necesitan atención
13242,112,7,699.4,3,4,3,343,10,Leales
13243,203,5,1278.04,2,4,4,244,10,En riesgo
13244,93,1,121.74,3,1,1,311,5,Necesitan atención
13245,51,2,989.22,4,2,3,423,9,Potenciales leales
13246,18,11,3387.43,5,5,5,555,15,Campeones
13247,18,4,501.12,5,3,2,532,10,Otros
13248,125,2,465.68,3,2,2,322,7,Necesitan atención
13249,92,9,1608.9299999999998,3,5,4,354,12,Leales
13250,461,2,256.04,1,2,1,121,4,Necesitan atención
13251,402,1,252.68,2,1,1,211,4,Necesitan atención
13252,394,2,399.3,2,2,2,222,6,Necesitan atención
13253,157,4,2951.11,3,3,5,335,11,Otros
13254,376,1,51.410000000000004,2,1,1,211,4,Necesitan atención
13255,9,3,904.46,5,3,3,533,11,Otros
13257,436,1,149.75,1,1,1,111,3,Necesitan atención
13258,12,5,1035.18,5,4,3,543,12,Leales
13259,62,9,1433.38,3,5,4,354,12,Leales
13260,61,1,557.62,3,1,2,312,6,Necesitan atención
13261,269,2,944.1,2,2,3,223,7,Necesitan atención
13262,263,3,573.45,2,3,2,232,7,Necesitan atención
13263,1,39,8704.69,5,5,5,555,15,Campeones
13264,443,1,722.5600000000001,1,1,3,113,5,Necesitan atención
13265,53,5,2107.66,4,4,4,444,12,Campeones
13266,11,19,6135.04,5,5,5,555,15,Campeones
13267,3,36,9758.26,5,5,5,555,15,Campeones
13268,18,11,3214.69,5,5,5,555,15,Campeones
13269,1,28,8891.7,5,5,5,555,15,Campeones
13270,366,1,1180.0,2,1,3,213,6,Necesitan atención
13271,37,1,217.38,4,1,1,411,6,Potenciales leales
13272,31,2,276.56,4,2,1,421,7,Potenciales leales
13273,113,1,138.98,3,1,1,311,5,Necesitan atención
13274,409,1,360.85,2,1,2,212,5,Necesitan atención
13275,384,2,241.66,2,2,1,221,5,Necesitan atención
13276,64,5,1939.26,3,4,4,344,11,Leales
13277,16,7,523.3,5,4,2,542,11,Leales
13278,41,4,1435.85,4,3,4,434,11,Otros
13279,78,1,137.75,3,1,1,311,5,Necesitan atención
13280,122,7,2322.63,3,4,4,344,11,Leales
13281,439,1,350.85,1,1,2,112,4,Necesitan atención
13282,18,4,1313.19,5,3,4,534,12,Otros
13283,60,4,373.36,3,3,2,332,8,Necesitan atención
13284,331,1,201.19,2,1,1,211,4,Necesitan atención
13285,23,6,3364.59,4,4,5,445,13,Campeones
13286,600,1,734.91,1,1,3,113,5,Necesitan atención
13287,603,3,781.59,1,3,3,133,7,En riesgo
13288,443,5,927.61,1,4,3,143,8,En riesgo
13289,724,1,307.95,1,1,2,112,4,Necesitan atención
13291,156,11,3320.84,3,5,5,355,13,Leales
13292,39,5,994.51,4,4,3,443,11,Leales
13293,392,6,1192.94,2,4,3,243,9,En riesgo
13294,190,3,1689.53,2,3,4,234,9,En riesgo
13295,360,4,1101.97,2,3,3,233,8,En riesgo
13296,137,6,792.51,3,4,3,343,10,Leales
13297,8,7,4368.62,5,4,5,545,14,Campeones
13298,1,1,360.0,5,1,2,512,8,Potenciales leales
13299,268,3,1218.7,2,3,3,233,8,En riesgo
13300,169,3,1285.51,3,3,4,334,10,Otros
13301,104,4,618.09,3,3,3,333,9,Necesitan atención
13302,155,2,159.2,3,2,1,321,6,Necesitan atención
13303,400,1,61.72,2,1,1,211,4,Necesitan atención
13304,351,4,1217.99,2,3,3,233,8,En riesgo
13305,4,16,3754.71,5,5,5,555,15,Campeones
13306,430,1,53.65,1,1,1,111,3,Necesitan atención
13307,120,3,273.34,3,3,1,331,7,Necesitan atención
13308,23,4,1670.3700000000001,4,3,4,434,11,Otros
13309,7,6,1706.3700000000001,5,4,4,544,13,Campeones
13310,28,5,1541.2,4,4,4,444,12,Campeones
13311,4,2,598.57,5,2,2,522,9,Potenciales leales
13312,451,1,124.75,1,1,1,111,3,Necesitan atención
13313,22,12,3445.32,4,5,5,455,14,Campeones
13314,2,3,775.94,5,3,3,533,11,Otros
13315,689,1,310.26,1,1,2,112,4,Necesitan atención
13316,37,10,10498.77,4,5,5,455,14,Campeones
13317,66,19,6486.091,3,5,5,355,13,Leales
13318,1,3,640.76,5,3,3,533,11,Otros
13319,5,58,22082.5,5,5,5,555,15,Campeones
13320,78,6,2228.1,3,4,4,344,11,Leales
13321,72,2,567.36,3,2,2,322,7,Necesitan atención
13322,17,1,199.48000000000002,5,1,1,511,7,Potenciales leales
13323,3,5,787.85,5,4,3,543,12,Leales
13324,36,18,10513.47,4,5,5,455,14,Campeones
13325,82,1,675.3,3,1,3,313,7,Necesitan atención
13326,432,1,281.76000000000005,1,1,1,111,3,Necesitan atención
13327,39,20,9879.48,4,5,5,455,14,Campeones
13328,316,1,1308.48,2,1,4,214,7,Otros
13329,32,8,5112.97,4,4,5,445,13,Campeones
13330,93,6,2806.18,3,4,4,344,11,Leales
13331,402,1,262.40000000000003,2,1,1,211,4,Necesitan atención
13332,14,1,350.90000000000003,5,1,2,512,8,Potenciales leales
13333,411,3,1015.74,1,3,3,133,7,En riesgo
13334,82,5,6263.75,3,4,5,345,12,Leales
13336,77,1,795.12,3,1,3,313,7,Necesitan atención
13337,546,1,1575.26,1,1,4,114,6,Otros
13338,158,4,2445.62,3,3,4,334,10,Otros
13339,201,1,860.12,2,1,3,213,6,Necesitan atención
13340,45,12,21095.84,4,5,5,455,14,Campeones
13341,261,1,775.85,2,1,3,213,6,Necesitan atención
13343,178,1,353.43,3,1,2,312,6,Necesitan atención
13344,68,3,2543.7200000000003,3,3,4,334,10,Otros
13345,288,1,389.5,2,1,2,212,5,Necesitan atención
13346,463,6,299.4,1,4,2,142,7,Otros
13347,70,1,341.36,3,1,2,312,6,Necesitan atención
13348,64,1,233.76000000000002,3,1,1,311,5,Necesitan atención
13349,11,1,247.32,5,1,1,511,7,Potenciales leales
13350,16,2,979.12,5,2,3,523,10,Potenciales leales
13351,66,1,373.94,3,1,2,312,6,Necesitan atención
13352,60,1,397.98,3,1,2,312,6,Necesitan atención
13354,71,1,743.53,3,1,3,313,7,Necesitan atención
13355,122,1,674.7,3,1,3,313,7,Necesitan atención
13356,80,1,768.24,3,1,3,313,7,Necesitan atención
13357,257,5,3838.36,2,4,5,245,11,En riesgo
13358,269,1,439.03,2,1,2,212,5,Necesitan atención
13359,64,2,1043.31,3,2,3,323,8,Necesitan atención
13360,432,4,1553.65,1,3,4,134,8,En riesgo
13361,472,2,1450.5,1,2,4,124,7,Otros
13362,9,7,5394.07,5,4,5,545,14,Campeones
13363,18,3,1723.8600000000001,5,3,4,534,12,Otros
13364,71,1,134.96,3,1,1,311,5,Necesitan atención
13365,34,2,2225.37,4,2,4,424,10,Potenciales leales
13366,50,1,56.16,4,1,1,411,6,Potenciales leales
13367,432,1,510.2,1,1,2,112,4,Necesitan atención
13368,257,4,1121.5,2,3,3,233,8,En riesgo
13369,366,1,616.5600000000001,2,1,3,213,6,Necesitan atención
13370,372,1,1509.74,2,1,4,214,7,Otros
13371,505,2,2297.66,1,2,4,124,7,Otros
13372,90,1,378.64,3,1,2,312,6,Necesitan atención
13373,61,6,7587.1900000000005,3,4,5,345,12,Leales
13374,415,2,422.8,1,2,2,122,5,Necesitan atención
13375,89,2,1792.23,3,2,4,324,9,Otros
13376,99,3,1019.76,3,3,3,333,9,Necesitan atención
13377,397,2,1552.88,2,2,4,224,8,Otros
13379,26,3,572.56,4,3,2,432,9,Otros
13380,433,1,62.4,1,1,1,111,3,Necesitan atención
13381,32,12,8224.37,4,5,5,455,14,Campeones
13382,281,5,1387.58,2,4,4,244,10,En riesgo
13383,544,1,305.28000000000003,1,1,2,112,4,Necesitan atención
13384,31,11,6680.83,4,5,5,455,14,Campeones
13385,330,1,534.57,2,1,2,212,5,Necesitan atención
13386,414,2,835.46,1,2,3,123,6,Necesitan atención
13387,417,1,189.44,1,1,1,111,3,Necesitan atención
13388,131,3,1185.65,3,3,3,333,9,Necesitan atención
13389,11,3,797.96,5,3,3,533,11,Otros
13390,75,1,544.08,3,1,2,312,6,Necesitan atención
13391,204,1,59.8,2,1,1,211,4,Necesitan atención
13392,677,1,91.14,1,1,1,111,3,Necesitan atención
13393,584,4,1131.45,1,3,3,133,7,En riesgo
13394,2,19,6621.7,5,5,5,555,15,Campeones
13395,185,3,1180.23,3,3,3,333,9,Necesitan atención
13396,29,2,1360.99,4,2,4,424,10,Potenciales leales
13397,73,10,3191.87,3,5,5,355,13,Leales
13398,192,2,670.34,2,2,3,223,7,Necesitan atención
13399,464,3,275.4,1,3,1,131,5,Necesitan atención
13400,583,1,310.83,1,1,2,112,4,Necesitan atención
13402,127,4,1535.13,3,3,4,334,10,Otros
13403,18,3,229.5,5,3,1,531,9,Otros
13404,1,2,252.49,5,2,1,521,8,Potenciales leales
13405,74,6,1213.811,3,4,3,343,10,Leales
13406,427,2,568.92,1,2,2,122,5,Necesitan atención
13407,579,3,2244.7,1,3,4,134,8,En riesgo
13408,2,106,51733.462,5,5,5,555,15,Campeones
13410,24,9,2201.96,4,5,4,454,13,Campeones
13411,107,1,213.55,3,1,1,311,5,Necesitan atención
13412,620,1,487.35,1,1,2,112,4,Necesitan atención
13413,640,6,429.44,1,4,2,142,7,Otros
13414,134,5,1282.14,3,4,4,344,11,Leales
13415,473,4,800.67,1,3,3,133,7,En riesgo
13416,44,3,940.8000000000001,4,3,3,433,10,Otros
13417,5,6,1669.49,5,4,4,544,13,Campeones
13418,12,31,12233.6,5,5,5,555,15,Campeones
13419,64,1,221.06,3,1,1,311,5,Necesitan atención
13420,150,2,159.85,3,2,1,321,6,Necesitan atención
13421,40,8,4103.12,4,4,5,445,13,Campeones
13422,64,1,2626.3,3,1,4,314,8,Otros
13423,429,1,217.03,1,1,1,111,3,Necesitan atención
13424,450,1,572.77,1,1,2,112,4,Necesitan atención
13425,108,5,3403.63,3,4,5,345,12,Leales
13426,1,22,8167.38,5,5,5,555,15,Campeones
13427,19,6,1006.53,5,4,3,543,12,Leales
13428,10,3,499.98,5,3,2,532,10,Otros
13429,11,4,1006.8,5,3,3,533,11,Otros
13430,19,2,679.45,5,2,3,523,10,Potenciales leales
13431,67,8,3316.2400000000002,3,4,5,345,12,Leales
13432,571,2,439.1,1,2,2,122,5,Necesitan atención
13433,501,4,658.32,1,3,3,133,7,En riesgo
13434,74,5,1666.8600000000001,3,4,4,344,11,Leales
13435,5,9,4475.23,5,5,5,555,15,Campeones
13436,2,1,196.89,5,1,1,511,7,Potenciales leales
13437,14,7,3408.06,5,4,5,545,14,Campeones
13438,547,1,46.5,1,1,1,111,3,Necesitan atención
13439,255,3,986.61,2,3,3,233,8,En riesgo
13440,423,7,1295.25,1,4,4,144,9,En riesgo
13441,92,2,720.9,3,2,3,323,8,Necesitan atención
13442,667,3,419.87,1,3,2,132,6,Necesitan atención
13443,449,6,1280.16,1,4,4,144,9,En riesgo
13444,374,2,631.6800000000001,2,2,3,223,7,Necesitan atención
13445,626,1,241.89999999999998,1,1,1,111,3,Necesitan atención
13446,430,11,3881.89,1,5,5,155,11,En riesgo
13447,23,3,1129.14,4,3,3,433,10,Otros
13448,17,12,8881.16,5,5,5,555,15,Campeones
13449,24,1,291.88,4,1,2,412,7,Potenciales leales
13450,27,13,4120.04,4,5,5,455,14,Campeones
13451,26,11,7190.92,4,5,5,455,14,Campeones
13452,473,1,139.8,1,1,1,111,3,Necesitan atención
13453,166,3,781.69,3,3,3,333,9,Necesitan atención
13454,641,1,219.87,1,1,1,111,3,Necesitan atención
13455,25,6,2905.9300000000003,4,4,5,445,13,Campeones
13456,18,6,1766.72,5,4,4,544,13,Campeones
13457,689,2,148.22,1,2,1,121,4,Necesitan atención
13458,7,16,11959.27,5,5,5,555,15,Campeones
13459,625,2,1160.41,1,2,3,123,6,Necesitan atención
13460,29,2,183.44,4,2,1,421,7,Potenciales leales
13461,39,6,4160.0,4,4,5,445,13,Campeones
13462,253,5,1153.8500000000001,2,4,3,243,9,En riesgo
13464,58,6,3097.64,4,4,5,445,13,Campeones
13465,446,2,931.12,1,2,3,123,6,Necesitan atención
13466,184,5,1013.35,3,4,3,343,10,Leales
13467,11,2,1083.71,5,2,3,523,10,Potenciales leales
13468,2,72,13390.51,5,5,5,555,15,Campeones
13469,653,1,82.4,1,1,1,111,3,Necesitan atención
13470,99,2,165.0,3,2,1,321,6,Necesitan atención
13471,1,4,2531.58,5,3,4,534,12,Otros
13472,464,2,592.24,1,2,2,122,5,Necesitan atención
13473,61,8,2657.76,3,4,4,344,11,Leales
13474,236,3,663.79,2,3,3,233,8,En riesgo
13475,191,4,1431.78,2,3,4,234,9,En riesgo
13476,179,5,2061.4700000000003,3,4,4,344,11,Leales
13477,38,11,2834.17,4,5,4,454,13,Campeones
13478,469,5,2215.78,1,4,4,144,9,En riesgo
13479,201,4,851.37,2,3,3,233,8,En riesgo
13480,417,2,627.82,1,2,3,123,6,Necesitan atención
13481,46,11,3830.84,4,5,5,455,14,Campeones
13482,232,2,336.09000000000003,2,2,2,222,6,Necesitan atención
13483,66,1,140.34,3,1,1,311,5,Necesitan atención
13484,241,3,790.72,2,3,3,233,8,En riesgo
13485,233,11,3019.2200000000003,2,5,5,255,12,En riesgo
13486,78,3,1122.41,3,3,3,333,9,Necesitan atención
13487,58,5,846.87,4,4,3,443,11,Leales
13488,17,23,15587.880000000001,5,5,5,555,15,Campeones
13489,105,4,449.52,3,3,2,332,8,Necesitan atención
13490,654,1,154.25,1,1,1,111,3,Necesitan atención
13491,52,27,4566.56,4,5,5,455,14,Campeones
13492,136,3,1269.84,3,3,4,334,10,Otros
13493,275,2,618.63,2,2,3,223,7,Necesitan atención
13494,312,1,316.26000000000005,2,1,2,212,5,Necesitan atención
13495,8,10,5374.26,5,5,5,555,15,Campeones
13496,11,2,653.33,5,2,3,523,10,Potenciales leales
13497,283,6,1320.3300000000002,2,4,4,244,10,En riesgo
13498,730,1,327.38,1,1,2,112,4,Necesitan atención
13499,18,5,1159.1100000000001,5,4,3,543,12,Leales
13500,23,4,1466.3,4,3,4,434,11,Otros
13501,288,3,2885.11,2,3,4,234,9,En riesgo
13502,17,5,780.5,5,4,3,543,12,Leales
13503,71,6,1905.39,3,4,4,344,11,Leales
13504,64,1,295.93,3,1,2,312,6,Necesitan atención
13505,73,4,4393.63,3,3,5,335,11,Otros
13506,316,5,1639.2,2,4,4,244,10,En riesgo
13507,3,4,2479.16,5,3,4,534,12,Otros
13508,244,2,287.05,2,2,2,222,6,Necesitan atención
13509,9,8,1114.72,5,4,3,543,12,Leales
13510,1,11,4558.29,5,5,5,555,15,Campeones
13511,677,1,282.76,1,1,1,111,3,Necesitan atención
13512,261,4,713.39,2,3,3,233,8,En riesgo
13513,127,3,824.59,3,3,3,333,9,Necesitan atención
13514,74,4,815.9,3,3,3,333,9,Necesitan atención
13515,73,6,1265.82,3,4,4,344,11,Leales
13516,21,4,1685.26,4,3,4,434,11,Otros
13517,60,3,2128.42,3,3,4,334,10,Otros
13518,86,1,659.44,3,1,3,313,7,Necesitan atención
13519,78,2,343.21,3,2,2,322,7,Necesitan atención
13520,59,11,6909.4,4,5,5,455,14,Campeones
13521,1,3,1093.65,5,3,3,533,11,Otros
13522,30,1,125.80000000000001,4,1,1,411,6,Potenciales leales
13523,33,6,4771.52,4,4,5,445,13,Campeones
13524,41,5,680.1800000000001,4,4,3,443,11,Leales
13525,15,2,628.78,5,2,3,523,10,Potenciales leales
13526,738,2,1182.0,1,2,3,123,6,Necesitan atención
13527,34,12,4683.74,4,5,5,455,14,Campeones
13529,79,2,307.76,3,2,2,322,7,Necesitan atención
13530,634,1,402.98,1,1,2,112,4,Necesitan atención
13531,205,6,1738.52,2,4,4,244,10,En riesgo
13532,34,1,210.31,4,1,1,411,6,Potenciales leales
13533,183,3,270.79,3,3,1,331,7,Necesitan atención
13534,2,35,7720.900000000001,5,5,5,555,15,Campeones
13535,403,1,89.5,2,1,1,211,4,Necesitan atención
13536,1,7,3448.29,5,4,5,545,14,Campeones
13537,426,2,717.85,1,2,3,123,6,Necesitan atención
13538,43,12,3112.73,4,5,5,455,14,Campeones
13539,86,7,1569.36,3,4,4,344,11,Leales
13540,467,3,632.39,1,3,3,133,7,En riesgo
13541,427,2,785.25,1,2,3,123,6,Necesitan atención
13542,377,17,4006.17,2,5,5,255,12,En riesgo
13543,634,2,1439.61,1,2,4,124,7,Otros
13544,40,6,829.0,4,4,3,443,11,Leales
13545,391,2,374.64,2,2,2,222,6,Necesitan atención
13546,12,5,1092.14,5,4,3,543,12,Leales
13547,408,1,175.53,2,1,1,211,4,Necesitan atención
13548,96,3,908.99,3,3,3,333,9,Necesitan atención
13549,26,8,1005.8000000000001,4,4,3,443,11,Leales
13550,383,1,349.51,2,1,2,212,5,Necesitan atención
13551,319,2,244.2,2,2,1,221,5,Necesitan atención
13552,66,22,6978.92,3,5,5,355,13,Leales
13553,675,1,517.8,1,1,2,112,4,Necesitan atención
13554,380,7,1638.28,2,4,4,244,10,En riesgo
13555,74,13,8999.19,3,5,5,355,13,Leales
13556,429,2,200.82,1,2,1,121,4,Necesitan atención
13557,28,13,3032.26,4,5,5,455,14,Campeones
13558,6,4,605.06,5,3,2,532,10,Otros
13559,513,2,990.0,1,2,3,123,6,Necesitan atención
13560,7,1,174.37,5,1,1,511,7,Potenciales leales
13561,216,11,1820.72,2,5,4,254,11,En riesgo
13562,82,8,4838.18,3,4,5,345,12,Leales
13563,84,2,612.53,3,2,3,323,8,Necesitan atención
13564,354,36,16698.91,2,5,5,255,12,En riesgo
13565,19,3,414.8,5,3,2,532,10,Otros
13566,41,5,1708.12,4,4,4,444,12,Campeones
13567,428,4,1083.69,1,3,3,133,7,En riesgo
13568,173,1,192.85,3,1,1,311,5,Necesitan atención
13569,17,4,893.78,5,3,3,533,11,Otros
13570,243,1,239.49,2,1,1,211,4,Necesitan atención
13571,13,26,4546.54,5,5,5,555,15,Campeones
13572,206,1,1384.25,2,1,4,214,7,Otros
13573,50,6,916.47,4,4,3,443,11,Leales
13574,411,1,421.25,1,1,2,112,4,Necesitan atención
13575,23,5,732.07,4,4,3,443,11,Leales
13576,10,28,11551.74,5,5,5,555,15,Campeones
13577,25,11,3489.28,4,5,5,455,14,Campeones
13578,409,1,147.66,2,1,1,211,4,Necesitan atención
13579,15,5,1539.04,5,4,4,544,13,Campeones
13580,406,1,107.75,2,1,1,211,4,Necesitan atención
13581,309,2,280.53000000000003,2,2,1,221,5,Necesitan atención
13582,390,2,241.68,2,2,1,221,5,Necesitan atención
13583,156,2,1445.031,3,2,4,324,9,Otros
13584,307,3,392.45,2,3,2,232,7,Necesitan atención
13585,531,3,684.54,1,3,3,133,7,En riesgo
13586,541,1,131.53,1,1,1,111,3,Necesitan atención
13587,64,4,1673.5,3,3,4,334,10,Otros
13588,16,9,2478.95,5,5,4,554,14,Campeones
13589,15,6,1120.74,5,4,3,543,12,Leales
13590,11,18,6349.59,5,5,5,555,15,Campeones
13591,65,7,2093.94,3,4,4,344,11,Leales
13592,36,4,247.95999999999998,4,3,1,431,8,Otros
13593,108,14,5523.6900000000005,3,5,5,355,13,Leales
13594,53,2,533.32,4,2,2,422,8,Potenciales leales
13595,517,3,818.22,1,3,3,133,7,En riesgo
13596,6,2,697.04,5,2,3,523,10,Potenciales leales
13597,400,2,396.71,2,2,2,222,6,Necesitan atención
13598,47,5,789.59,4,4,3,443,11,Leales
13599,1,33,10167.630000000001,5,5,5,555,15,Campeones
13600,312,2,518.42,2,2,2,222,6,Necesitan atención
13601,45,4,1185.14,4,3,3,433,10,Otros
13602,65,4,1025.17,3,3,3,333,9,Necesitan atención
13603,26,1,164.34,4,1,1,411,6,Potenciales leales
13604,659,1,717.62,1,1,3,113,5,Necesitan atención
13605,387,2,522.67,2,2,2,222,6,Necesitan atención
13606,29,3,280.54,4,3,1,431,8,Otros
13607,40,2,1078.31,4,2,3,423,9,Potenciales leales
13608,541,1,236.2,1,1,1,111,3,Necesitan atención
13609,593,1,167.35,1,1,1,111,3,Necesitan atención
13610,12,14,2175.88,5,5,4,554,14,Campeones
13611,89,10,3319.53,3,5,5,355,13,Leales
13612,633,1,818.29,1,1,3,113,5,Necesitan atención
13613,453,5,1039.8500000000001,1,4,3,143,8,En riesgo
13614,24,6,2359.19,4,4,4,444,12,Campeones
13615,319,8,5977.53,2,4,5,245,11,En riesgo
13616,568,2,288.09999999999997,1,2,2,122,5,Necesitan atención
13617,40,8,1278.75,4,4,4,444,12,Campeones
13618,174,1,177.34,3,1,1,311,5,Necesitan atención
13619,545,2,231.69,1,2,1,121,4,Necesitan atención
13620,528,1,112.34,1,1,1,111,3,Necesitan atención
13621,117,1,213.85,3,1,1,311,5,Necesitan atención
13622,696,1,658.95,1,1,3,113,5,Necesitan atención
13623,31,10,2566.49,4,5,4,454,13,Campeones
13624,388,1,462.08,2,1,2,212,5,Necesitan atención
13625,597,1,301.26,1,1,2,112,4,Necesitan atención
13626,253,2,707.04,2,2,3,223,7,Necesitan atención
13627,59,7,2245.9,4,4,4,444,12,Campeones
13628,676,1,310.14,1,1,2,112,4,Necesitan atención
13629,23,19,13370.86,4,5,5,455,14,Campeones
13630,5,7,2031.78,5,4,4,544,13,Campeones
13631,100,11,3070.42,3,5,5,355,13,Leales
13632,25,8,3648.15,4,4,5,445,13,Campeones
13634,33,16,5073.47,4,5,5,455,14,Campeones
13635,68,4,2999.16,3,3,5,335,11,Otros
13636,37,5,949.12,4,4,3,443,11,Leales
13637,52,3,810.5,4,3,3,433,10,Otros
13638,16,1,122.64,5,1,1,511,7,Potenciales leales
13639,74,2,1346.27,3,2,4,324,9,Otros
13640,611,1,405.0,1,1,2,112,4,Necesitan atención
13641,641,5,1016.47,1,4,3,143,8,En riesgo
13642,216,4,514.72,2,3,2,232,7,Necesitan atención
13643,31,10,2156.77,4,5,4,454,13,Campeones
13644,16,4,2624.26,5,3,4,534,12,Otros
13645,120,1,252.1,3,1,1,311,5,Necesitan atención
13646,400,2,326.25,2,2,2,222,6,Necesitan atención
13647,10,8,3071.68,5,4,5,545,14,Campeones
13648,400,8,1764.02,2,4,4,244,10,En riesgo
13649,257,6,1678.88,2,4,4,244,10,En riesgo
13650,17,10,3288.0,5,5,5,555,15,Campeones
13651,35,3,226.85,4,3,1,431,8,Otros
13652,46,5,2570.85,4,4,4,444,12,Campeones
13653,488,1,152.20000000000002,1,1,1,111,3,Necesitan atención
13654,43,11,6308.0,4,5,5,455,14,Campeones
13655,114,6,2280.51,3,4,4,344,11,Leales
13656,165,4,1078.85,3,3,3,333,9,Necesitan atención
13657,11,2,382.14,5,2,2,522,9,Potenciales leales
13658,10,9,6025.5,5,5,5,555,15,Campeones
13659,206,12,4894.88,2,5,5,255,12,En riesgo
13660,400,1,314.59000000000003,2,1,2,212,5,Necesitan atención
13661,603,1,325.24,1,1,2,112,4,Necesitan atención
13662,86,11,2250.11,3,5,4,354,12,Leales
13663,179,5,2047.51,3,4,4,344,11,Leales
13665,386,3,1711.66,2,3,4,234,9,En riesgo
13666,60,5,127.9,3,4,1,341,8,Leales
13667,149,1,305.02,3,1,2,312,6,Necesitan atención
13668,3,35,13089.94,5,5,5,555,15,Campeones
13669,51,3,413.55,4,3,2,432,9,Otros
13670,75,1,349.7,3,1,2,312,6,Necesitan atención
13671,395,1,194.95,2,1,1,211,4,Necesitan atención
13672,301,3,419.92,2,3,2,232,7,Necesitan atención
13673,19,2,396.92,5,2,2,522,9,Potenciales leales
13674,433,1,240.68,1,1,1,111,3,Necesitan atención
13675,151,2,486.82000000000005,3,2,2,322,7,Necesitan atención
13676,539,2,243.9,1,2,1,121,4,Necesitan atención
13677,405,2,556.1899999999999,2,2,2,222,6,Necesitan atención
13678,152,1,232.6,3,1,1,311,5,Necesitan atención
13679,494,3,281.26,1,3,1,131,5,Necesitan atención
13680,1,12,11435.67,5,5,5,555,15,Campeones
13681,18,4,827.83,5,3,3,533,11,Otros
13682,187,1,59.5,3,1,1,311,5,Necesitan atención
13683,458,1,258.6,1,1,1,111,3,Necesitan atención
13684,286,4,596.98,2,3,2,232,7,Necesitan atención
13685,3,6,1481.44,5,4,4,544,13,Campeones
13686,183,3,409.04,3,3,2,332,8,Necesitan atención
13687,438,1,709.8000000000001,1,1,3,113,5,Necesitan atención
13688,635,1,375.5,1,1,2,112,4,Necesitan atención
13689,63,2,1259.5,3,2,4,324,9,Otros
13690,59,1,172.25,4,1,1,411,6,Potenciales leales
13691,396,1,212.78,2,1,1,211,4,Necesitan atención
13692,25,5,3114.4,4,4,5,445,13,Campeones
13693,374,9,2011.82,2,5,4,254,11,En riesgo
13694,4,139,190862.73,5,5,5,555,15,Campeones
13695,31,16,2770.73,4,5,4,454,13,Campeones
13696,422,3,2020.4,1,3,4,134,8,En riesgo
13697,39,1,151.3,4,1,1,411,6,Potenciales leales
13698,597,2,465.53000000000003,1,2,2,122,5,Necesitan atención
13699,155,2,764.1500000000001,3,2,3,323,8,Necesitan atención
13700,26,13,2613.46,4,5,4,454,13,Campeones
13701,447,1,161.0,1,1,1,111,3,Necesitan atención
13702,446,1,135.18,1,1,1,111,3,Necesitan atención
13703,318,2,425.56,2,2,2,222,6,Necesitan atención
13704,5,9,2308.06,5,5,4,554,14,Campeones
13705,8,7,1705.33,5,4,4,544,13,Campeones
13706,303,2,631.1700000000001,2,2,3,223,7,Necesitan atención
13707,267,5,3365.86,2,4,5,245,11,En riesgo
13708,271,1,296.88,2,1,2,212,5,Necesitan atención
13709,4,18,7591.75,5,5,5,555,15,Campeones
13710,32,3,509.52,4,3,2,432,9,Otros
13711,219,9,1792.26,2,5,4,254,11,En riesgo
13712,247,2,766.42,2,2,3,223,7,Necesitan atención
13713,408,3,743.26,2,3,3,233,8,En riesgo
13714,465,1,161.35,1,1,1,111,3,Necesitan atención
13715,281,17,8483.29,2,5,5,255,12,En riesgo
13716,269,1,138.28,2,1,1,211,4,Necesitan atención
13717,32,8,1763.3,4,4,4,444,12,Campeones
13718,246,2,306.55,2,2,2,222,6,Necesitan atención
13719,15,11,2815.25,5,5,4,554,14,Campeones
13720,117,4,799.9,3,3,3,333,9,Necesitan atención
13721,36,2,741.54,4,2,3,423,9,Potenciales leales
13722,132,10,5635.41,3,5,5,355,13,Leales
13723,217,6,1209.2,2,4,3,243,9,En riesgo
13724,637,1,213.01,1,1,1,111,3,Necesitan atención
13725,50,8,1980.56,4,4,4,444,12,Campeones
13726,39,2,1079.66,4,2,3,423,9,Potenciales leales
13727,29,8,1080.05,4,4,3,443,11,Leales
13728,37,16,2855.17,4,5,4,454,13,Campeones
13729,436,3,724.73,1,3,3,133,7,En riesgo
13730,136,2,752.6,3,2,3,323,8,Necesitan atención
13731,219,2,610.59,2,2,2,222,6,Necesitan atención
13732,28,1,491.86,4,1,2,412,7,Potenciales leales
13733,411,2,487.03000000000003,1,2,2,122,5,Necesitan atención
13734,509,4,6701.64,1,3,5,135,9,En riesgo
13735,25,13,9813.22,4,5,5,455,14,Campeones
13736,5,7,2766.21,5,4,4,544,13,Campeones
13737,200,1,339.6,2,1,2,212,5,Necesitan atención
13738,396,1,440.93,2,1,2,212,5,Necesitan atención
13739,18,2,292.2,5,2,2,522,9,Potenciales leales
13740,241,5,1597.77,2,4,4,244,10,En riesgo
13741,72,3,668.4300000000001,3,3,3,333,9,Necesitan atención
13742,17,12,3131.02,5,5,5,555,15,Campeones
13743,3,7,1341.6,5,4,4,544,13,Campeones
13744,95,2,1156.36,3,2,3,323,8,Necesitan atención
13745,162,2,777.36,3,2,3,323,8,Necesitan atención
13746,414,1,176.69,1,1,1,111,3,Necesitan atención
13747,374,2,249.39999999999998,2,2,1,221,5,Necesitan atención
13748,96,9,2268.35,3,5,4,354,12,Leales
13750,54,11,3602.18,4,5,5,455,14,Campeones
13751,288,1,296.25,2,1,2,212,5,Necesitan atención
13752,124,7,1590.73,3,4,4,344,11,Leales
13753,288,4,2094.57,2,3,4,234,9,En riesgo
13754,152,3,447.05,3,3,2,332,8,Necesitan atención
13755,4,9,2161.35,5,5,4,554,14,Campeones
13756,2,23,9207.5,5,5,5,555,15,Campeones
13757,675,1,195.54999999999998,1,1,1,111,3,Necesitan atención
13758,12,15,9416.98,5,5,5,555,15,Campeones
13759,33,2,659.4100000000001,4,2,3,423,9,Potenciales leales
13760,54,5,1363.64,4,4,4,444,12,Campeones
13761,50,6,1952.17,4,4,4,444,12,Campeones
13762,219,5,2472.48,2,4,4,244,10,En riesgo
13763,63,3,5217.44,3,3,5,335,11,Otros
13764,71,6,2953.26,3,4,5,345,12,Leales
13765,653,1,352.821,1,1,2,112,4,Necesitan atención
13766,495,1,190.35,1,1,1,111,3,Necesitan atención
13767,2,73,35540.53,5,5,5,555,15,Campeones
13768,727,2,875.97,1,2,3,123,6,Necesitan atención
13769,2,20,5800.42,5,5,5,555,15,Campeones
13770,422,4,785.37,1,3,3,133,7,En riesgo
13771,64,9,5728.82,3,5,5,355,13,Leales
13772,34,8,3114.22,4,4,5,445,13,Campeones
13773,397,2,301.54,2,2,2,222,6,Necesitan atención
13774,82,1,345.0,3,1,2,312,6,Necesitan atención
13775,591,1,1049.66,1,1,3,113,5,Necesitan atención
13777,1,60,53048.58,5,5,5,555,15,Campeones
13778,103,4,1124.49,3,3,3,333,9,Necesitan atención
13779,516,1,161.13,1,1,1,111,3,Necesitan atención
13780,7,3,735.82,5,3,3,533,11,Otros
13781,251,3,778.83,2,3,3,233,8,En riesgo
13782,13,13,1793.72,5,5,4,554,14,Campeones
13783,570,3,1335.24,1,3,4,134,8,En riesgo
13784,10,14,2910.23,5,5,5,555,15,Campeones
13785,429,4,542.49,1,3,2,132,6,Necesitan atención
13786,367,6,3358.94,2,4,5,245,11,En riesgo
13787,76,6,1222.5,3,4,3,343,10,Leales
13788,505,1,3.75,1,1,1,111,3,Necesitan atención
13789,388,1,239.46,2,1,1,211,4,Necesitan atención
13790,4,1,348.8,5,1,2,512,8,Potenciales leales
13791,128,2,1516.0,3,2,4,324,9,Otros
13792,66,3,383.95,3,3,2,332,8,Necesitan atención
13793,647,1,96.0,1,1,1,111,3,Necesitan atención
13794,547,1,126.03,1,1,1,111,3,Necesitan atención
13795,388,4,836.3,2,3,3,233,8,En riesgo
13796,499,1,289.7,1,1,2,112,4,Necesitan atención
13797,437,3,1179.45,1,3,3,133,7,En riesgo
13798,1,110,75836.87,5,5,5,555,15,Campeones
13799,117,9,2803.57,3,5,4,354,12,Leales
13800,310,3,1679.56,2,3,4,234,9,En riesgo
13801,67,1,324.8,3,1,2,312,6,Necesitan atención
13802,139,19,26259.11,3,5,5,355,13,Leales
13803,255,3,1338.91,2,3,4,234,9,En riesgo
13804,31,9,3208.52,4,5,5,455,14,Campeones
13805,52,2,924.6,4,2,3,423,9,Potenciales leales
13806,64,1,256.38,3,1,1,311,5,Necesitan atención
13807,367,3,534.8,2,3,2,232,7,Necesitan atención
13808,6,5,1747.66,5,4,4,544,13,Campeones
13809,305,3,679.7,2,3,3,233,8,En riesgo
13810,29,2,899.51,4,2,3,423,9,Potenciales leales
13811,184,2,591.75,3,2,2,322,7,Necesitan atención
13812,42,3,539.0,4,3,2,432,9,Otros
13813,40,8,2765.4700000000003,4,4,4,444,12,Campeones
13814,92,3,2257.32,3,3,4,334,10,Otros
13815,22,8,7475.74,4,4,5,445,13,Campeones
13816,24,2,571.6700000000001,4,2,2,422,8,Potenciales leales
13817,29,2,382.98,4,2,2,422,8,Potenciales leales
13818,430,1,61.28,1,1,1,111,3,Necesitan atención
13819,302,6,2642.35,2,4,4,244,10,En riesgo
13820,418,3,660.65,1,3,3,133,7,En riesgo
13821,145,6,1410.73,3,4,4,344,11,Leales
13822,6,2,632.0,5,2,3,523,10,Potenciales leales
13823,19,7,3403.4500000000003,5,4,5,545,14,Campeones
13824,33,12,3314.76,4,5,5,455,14,Campeones
13825,622,2,255.59,1,2,1,121,4,Necesitan atención
13826,176,1,189.5,3,1,1,311,5,Necesitan atención
13827,58,3,412.05,4,3,2,432,9,Otros
13828,22,1,209.49,4,1,1,411,6,Potenciales leales
13829,421,1,102.0,1,1,1,111,3,Necesitan atención
13830,582,1,156.85,1,1,1,111,3,Necesitan atención
13831,16,18,7023.58,5,5,5,555,15,Campeones
13832,19,2,613.69,5,2,3,523,10,Potenciales leales
13833,159,2,701.36,3,2,3,323,8,Necesitan atención
13834,577,2,324.19,1,2,2,122,5,Necesitan atención
13835,25,7,1095.27,4,4,3,443,11,Leales
13836,399,2,620.37,2,2,3,223,7,Necesitan atención
13837,212,2,271.24,2,2,1,221,5,Necesitan atención
13838,6,10,1966.09,5,5,4,554,14,Campeones
13839,486,1,139.95000000000002,1,1,1,111,3,Necesitan atención
13840,416,1,651.4,1,1,3,113,5,Necesitan atención
13841,253,1,85.0,2,1,1,211,4,Necesitan atención
13842,59,18,5629.91,4,5,5,455,14,Campeones
13843,381,1,319.75,2,1,2,212,5,Necesitan atención
13844,11,1,361.62,5,1,2,512,8,Potenciales leales
13845,65,1,312.98,3,1,2,312,6,Necesitan atención
13846,25,4,1307.79,4,3,4,434,11,Otros
13847,720,1,310.72,1,1,2,112,4,Necesitan atención
13848,298,1,135.0,2,1,1,211,4,Necesitan atención
13849,52,5,3469.3,4,4,5,445,13,Campeones
13850,129,1,1595.48,3,1,4,314,8,Otros
13851,96,8,4606.46,3,4,5,345,12,Leales
13852,611,1,187.35000000000002,1,1,1,111,3,Necesitan atención
13853,57,1,1090.1399999999999,4,1,3,413,8,Potenciales leales
13854,9,39,12253.96,5,5,5,555,15,Campeones
13855,501,4,1310.3400000000001,1,3,4,134,8,En riesgo
13856,169,11,1142.03,3,5,3,353,11,Leales
13857,393,6,1001.01,2,4,3,243,9,En riesgo
13858,57,1,216.17000000000002,4,1,1,411,6,Potenciales leales
13859,326,2,515.86,2,2,2,222,6,Necesitan atención
13860,1,5,1245.9,5,4,4,544,13,Campeones
13861,429,2,273.26,1,2,1,121,4,Necesitan atención
13862,18,9,2556.09,5,5,4,554,14,Campeones
13863,248,4,1239.55,2,3,4,234,9,En riesgo
13864,387,1,662.4000000000001,2,1,3,213,6,Necesitan atención
13865,58,4,501.56,4,3,2,432,9,Otros
13866,74,1,145.67000000000002,3,1,1,311,5,Necesitan atención
13867,31,3,1015.29,4,3,3,433,10,Otros
13868,39,1,507.53999999999996,4,1,2,412,7,Potenciales leales
13869,123,10,8111.57,3,5,5,355,13,Leales
13870,2,15,5712.08,5,5,5,555,15,Campeones
13871,23,17,7885.85,4,5,5,455,14,Campeones
13872,527,3,919.57,1,3,3,133,7,En riesgo
13873,120,8,1038.92,3,4,3,343,10,Leales
13874,358,7,2049.15,2,4,4,244,10,En riesgo
13875,54,14,4519.37,4,5,5,455,14,Campeones
13876,64,1,122.7,3,1,1,311,5,Necesitan atención
13877,86,3,449.68,3,3,2,332,8,Necesitan atención
13878,55,4,2473.06,4,3,4,434,11,Otros
13879,646,1,395.5,1,1,2,112,4,Necesitan atención
13880,21,17,4391.66,4,5,5,455,14,Campeones
13881,4,43,45179.1,5,5,5,555,15,Campeones
13882,3,5,1191.13,5,4,3,543,12,Leales
13883,11,15,6560.02,5,5,5,555,15,Campeones
13884,7,10,1888.48,5,5,4,554,14,Campeones
13885,189,2,506.8,2,2,2,222,6,Necesitan atención
13886,71,1,243.56,3,1,1,311,5,Necesitan atención
13887,204,1,349.55,2,1,2,212,5,Necesitan atención
13888,120,7,2169.05,3,4,4,344,11,Leales
13889,93,6,1991.23,3,4,4,344,11,Leales
13890,1,14,2927.38,5,5,5,555,15,Campeones
13891,378,3,863.5600000000001,2,3,3,233,8,En riesgo
13892,27,6,907.65,4,4,3,443,11,Leales
13893,298,1,821.1,2,1,3,213,6,Necesitan atención
13894,24,3,564.62,4,3,2,432,9,Otros
13895,28,6,4008.52,4,4,5,445,13,Campeones
13896,626,1,388.55,1,1,2,112,4,Necesitan atención
13897,50,3,1160.72,4,3,3,433,10,Otros
13898,326,2,686.4,2,2,3,223,7,Necesitan atención
13899,16,2,388.52,5,2,2,522,9,Potenciales leales
13900,183,6,1610.5900000000001,3,4,4,344,11,Leales
13901,72,15,5676.34,3,5,5,355,13,Leales
13902,632,4,1250.3600000000001,1,3,4,134,8,En riesgo
13903,400,1,165.45000000000002,2,1,1,211,4,Necesitan atención
13904,37,2,332.64,4,2,2,422,8,Potenciales leales
13905,733,1,312.65000000000003,1,1,2,112,4,Necesitan atención
13906,409,1,42.0,2,1,1,211,4,Necesitan atención
13907,692,1,136.8,1,1,1,111,3,Necesitan atención
13908,80,4,2369.55,3,3,4,334,10,Otros
13909,423,2,286.6,1,2,2,122,5,Necesitan atención
13911,57,20,4234.99,4,5,5,455,14,Campeones
13912,424,1,124.95,1,1,1,111,3,Necesitan atención
13913,507,1,42.22,1,1,1,111,3,Necesitan atención
13914,12,2,626.45,5,2,3,523,10,Potenciales leales
13915,394,1,70.80000000000001,2,1,1,211,4,Necesitan atención
13916,464,4,1275.81,1,3,4,134,8,En riesgo
13917,50,2,272.04,4,2,1,421,7,Potenciales leales
13918,50,2,1212.8400000000001,4,2,3,423,9,Potenciales leales
13919,59,4,1360.68,4,3,4,434,11,Otros
13920,432,4,1774.68,1,3,4,134,8,En riesgo
13921,402,4,730.7,2,3,3,233,8,En riesgo
13922,352,3,865.2,2,3,3,233,8,En riesgo
13923,54,1,351.13,4,1,2,412,7,Potenciales leales
13924,2,6,1838.8500000000001,5,4,4,544,13,Campeones
13925,93,4,678.25,3,3,3,333,9,Necesitan atención
13926,23,1,223.85000000000002,4,1,1,411,6,Potenciales leales
13927,75,2,708.26,3,2,3,323,8,Necesitan atención
13928,11,4,464.57,5,3,2,532,10,Otros
13929,169,11,3494.1,3,5,5,355,13,Leales
13930,58,2,337.34,4,2,2,422,8,Potenciales leales
13931,96,11,5257.38,3,5,5,355,13,Leales
13932,295,1,307.40000000000003,2,1,2,212,5,Necesitan atención
13933,109,2,608.79,3,2,2,322,7,Necesitan atención
13934,264,1,922.1,2,1,3,213,6,Necesitan atención
13935,597,3,6116.92,1,3,5,135,9,En riesgo
13936,180,3,939.6600000000001,3,3,3,333,9,Necesitan atención
13937,169,2,880.13,3,2,3,323,8,Necesitan atención
13938,35,1,71.66,4,1,1,411,6,Potenciales leales
13939,23,7,1560.96,4,4,4,444,12,Campeones
13940,17,4,839.14,5,3,3,533,11,Otros
13941,22,15,11122.300000000001,4,5,5,455,14,Campeones
13943,578,1,246.54000000000002,1,1,1,111,3,Necesitan atención
13944,653,1,200.43,1,1,1,111,3,Necesitan atención
13945,395,2,854.1500000000001,2,2,3,223,7,Necesitan atención
13946,79,6,1576.23,3,4,4,344,11,Leales
13947,65,1,90.60000000000001,3,1,1,311,5,Necesitan atención
13948,361,4,548.76,2,3,2,232,7,Necesitan atención
13949,3,6,2427.32,5,4,4,544,13,Campeones
13950,11,4,745.0600000000001,5,3,3,533,11,Otros
13951,176,3,674.45,3,3,3,333,9,Necesitan atención
13952,218,14,12823.521,2,5,5,255,12,En riesgo
13953,7,10,4890.68,5,5,5,555,15,Campeones
13954,2,2,439.92,5,2,2,522,9,Potenciales leales
13955,154,3,545.17,3,3,2,332,8,Necesitan atención
13956,5,5,1026.42,5,4,3,543,12,Leales
13957,418,3,458.25,1,3,2,132,6,Necesitan atención
13958,380,8,4709.2300000000005,2,4,5,245,11,En riesgo
13959,79,6,1076.18,3,4,3,343,10,Leales
13960,21,2,230.22000000000003,4,2,1,421,7,Potenciales leales
13961,392,1,538.4,2,1,2,212,5,Necesitan atención
13962,22,3,362.8,4,3,2,432,9,Otros
13963,308,17,3011.87,2,5,5,255,12,En riesgo
13964,387,2,438.9,2,2,2,222,6,Necesitan atención
13965,477,3,996.61,1,3,3,133,7,En riesgo
13966,435,1,390.86,1,1,2,112,4,Necesitan atención
13967,146,2,166.3,3,2,1,321,6,Necesitan atención
13968,423,1,123.66,1,1,1,111,3,Necesitan atención
13969,7,35,13365.87,5,5,5,555,15,Campeones
13970,386,2,846.55,2,2,3,223,7,Necesitan atención
13971,19,14,4667.57,5,5,5,555,15,Campeones
13972,71,2,190.25,3,2,1,321,6,Necesitan atención
13973,287,1,264.7,2,1,1,211,4,Necesitan atención
13974,49,2,677.72,4,2,3,423,9,Potenciales leales
13975,31,12,5358.84,4,5,5,455,14,Campeones
13976,207,4,1192.3600000000001,2,3,3,233,8,En riesgo
13977,411,1,519.8100000000001,1,1,2,112,4,Necesitan atención
13978,15,2,196.79,5,2,1,521,8,Potenciales leales
13979,73,7,3416.23,3,4,5,345,12,Leales
13980,60,5,799.92,3,4,3,343,10,Leales
13981,416,1,331.14,1,1,2,112,4,Necesitan atención
13982,39,9,4445.59,4,5,5,455,14,Campeones
13983,30,21,7108.45,4,5,5,455,14,Campeones
13984,27,12,2048.6,4,5,4,454,13,Campeones
13985,4,22,10020.86,5,5,5,555,15,Campeones
13986,17,1,320.46,5,1,2,512,8,Potenciales leales
13987,380,2,682.54,2,2,3,223,7,Necesitan atención
13988,20,8,4757.8,4,4,5,445,13,Campeones
13989,66,5,2026.06,3,4,4,344,11,Leales
13990,213,1,311.3,2,1,2,212,5,Necesitan atención
13991,12,6,855.97,5,4,3,543,12,Leales
13992,30,3,219.5,4,3,1,431,8,Otros
13993,43,19,6775.71,4,5,5,455,14,Campeones
13994,4,6,2313.14,5,4,4,544,13,Campeones
13995,15,14,3902.01,5,5,5,555,15,Campeones
13996,386,2,895.76,2,2,3,223,7,Necesitan atención
13997,519,3,382.31,1,3,2,132,6,Necesitan atención
13998,447,3,566.7,1,3,2,132,6,Necesitan atención
13999,10,29,9502.26,5,5,5,555,15,Campeones
14000,211,5,2046.3400000000001,2,4,4,244,10,En riesgo
14001,46,9,4530.09,4,5,5,455,14,Campeones
14002,134,2,529.73,3,2,2,322,7,Necesitan atención
14003,733,1,209.41,1,1,1,111,3,Necesitan atención
14004,43,11,6258.45,4,5,5,455,14,Campeones
14005,10,5,2874.72,5,4,4,544,13,Campeones
14006,116,7,2196.67,3,4,4,344,11,Leales
14007,513,1,79.48,1,1,1,111,3,Necesitan atención
14008,432,1,509.04,1,1,2,112,4,Necesitan atención
14009,198,3,1099.91,2,3,3,233,8,En riesgo
14010,565,2,445.15,1,2,2,122,5,Necesitan atención
14011,480,2,457.82,1,2,2,122,5,Necesitan atención
14012,278,1,328.8,2,1,2,212,5,Necesitan atención
14013,110,5,1084.57,3,4,3,343,10,Leales
14014,77,3,1948.21,3,3,4,334,10,Otros
14015,53,1,917.34,4,1,3,413,8,Potenciales leales
14016,162,11,11403.41,3,5,5,355,13,Leales
14017,571,1,229.75,1,1,1,111,3,Necesitan atención
14018,645,1,367.15000000000003,1,1,2,112,4,Necesitan atención
14019,47,3,1421.61,4,3,4,434,11,Otros
14020,17,4,1249.01,5,3,4,534,12,Otros
14021,155,7,1716.58,3,4,4,344,11,Leales
14022,225,2,792.15,2,2,3,223,7,Necesitan atención
14023,7,2,584.07,5,2,2,522,9,Potenciales leales
14024,122,3,645.74,3,3,3,333,9,Necesitan atención
14025,465,8,4057.9,1,4,5,145,10,En riesgo
14026,471,2,713.11,1,2,3,123,6,Necesitan atención
14027,61,1,104.82,3,1,1,311,5,Necesitan atención
14029,63,2,467.66,3,2,2,322,7,Necesitan atención
14030,18,20,7932.29,5,5,5,555,15,Campeones
14031,7,44,40999.17,5,5,5,555,15,Campeones
14032,2,16,4850.27,5,5,5,555,15,Campeones
14034,22,3,651.8199999999999,4,3,3,433,10,Otros
14035,29,9,2856.7200000000003,4,5,4,454,13,Campeones
14036,285,1,626.65,2,1,3,213,6,Necesitan atención
14037,176,6,836.95,3,4,3,343,10,Leales
14038,78,5,3069.88,3,4,5,345,12,Leales
14039,33,2,267.28000000000003,4,2,1,421,7,Potenciales leales
14040,41,35,12645.57,4,5,5,455,14,Campeones
14041,266,1,141.41,2,1,1,211,4,Necesitan atención
14042,725,1,431.98,1,1,2,112,4,Necesitan atención
14043,491,2,304.25,1,2,2,122,5,Necesitan atención
14044,27,10,3123.1,4,5,5,455,14,Campeones
14045,109,15,11061.03,3,5,5,355,13,Leales
14046,284,1,154.99,2,1,1,211,4,Necesitan atención
14047,9,14,4255.03,5,5,5,555,15,Campeones
14048,305,3,748.69,2,3,3,233,8,En riesgo
14049,17,13,13239.03,5,5,5,555,15,Campeones
14050,32,2,746.36,4,2,3,423,9,Potenciales leales
14051,1,37,22434.0,5,5,5,555,15,Campeones
14052,20,2,480.81,4,2,2,422,8,Potenciales leales
14053,124,4,572.3,3,3,2,332,8,Necesitan atención
14054,65,1,92.46000000000001,3,1,1,311,5,Necesitan atención
14055,106,3,1520.96,3,3,4,334,10,Otros
14056,1,23,8214.65,5,5,5,555,15,Campeones
14057,24,22,8408.84,4,5,5,455,14,Campeones
14058,463,2,469.19,1,2,2,122,5,Necesitan atención
14059,267,1,183.6,2,1,1,211,4,Necesitan atención
14060,5,30,9519.08,5,5,5,555,15,Campeones
14061,507,3,917.4300000000001,1,3,3,133,7,En riesgo
14062,10,24,25417.600000000002,5,5,5,555,15,Campeones
14063,687,7,9471.5,1,4,5,145,10,En riesgo
14064,29,15,3021.38,4,5,5,455,14,Campeones
14065,389,3,891.02,2,3,3,233,8,En riesgo
14066,267,1,152.55,2,1,1,211,4,Necesitan atención
14067,64,2,374.7,3,2,2,322,7,Necesitan atención
14068,320,4,1528.3700000000001,2,3,4,234,9,En riesgo
14069,515,2,230.06,1,2,1,121,4,Necesitan atención
14070,685,1,326.55,1,1,2,112,4,Necesitan atención
14071,4,8,1438.82,5,4,4,544,13,Campeones
14072,667,1,390.85,1,1,2,112,4,Necesitan atención
14073,32,1,151.04,4,1,1,411,6,Potenciales leales
14074,623,1,219.4,1,1,1,111,3,Necesitan atención
14075,5,6,1734.8700000000001,5,4,4,544,13,Campeones
14076,129,1,122.47,3,1,1,311,5,Necesitan atención
14077,41,6,615.08,4,4,3,443,11,Leales
14078,102,9,1692.6299999999999,3,5,4,354,12,Leales
14079,125,1,375.1,3,1,2,312,6,Necesitan atención
14080,33,5,1115.68,4,4,3,443,11,Leales
14081,302,10,5370.1,2,5,5,255,12,En riesgo
14082,365,2,413.36,2,2,2,222,6,Necesitan atención
14083,4,11,1407.26,5,5,4,554,14,Campeones
14084,512,1,150.5,1,1,1,111,3,Necesitan atención
14085,2,33,10104.97,5,5,5,555,15,Campeones
14086,463,1,39.95,1,1,1,111,3,Necesitan atención
14087,3,3,846.22,5,3,3,533,11,Otros
14088,10,16,64036.8,5,5,5,555,15,Campeones
14089,57,1,161.0,4,1,1,411,6,Potenciales leales
14090,325,1,76.32000000000001,2,1,1,211,4,Necesitan atención
14091,654,2,8788.08,1,2,5,125,8,Otros
14092,8,24,7229.45,5,5,5,555,15,Campeones
14093,12,1,442.85,5,1,2,512,8,Potenciales leales
14094,440,1,335.22,1,1,2,112,4,Necesitan atención
14095,723,1,2.95,1,1,1,111,3,Necesitan atención
14096,4,17,53384.799999999996,5,5,5,555,15,Campeones
14097,481,2,422.86,1,2,2,122,5,Necesitan atención
14098,37,1,147.35,4,1,1,411,6,Potenciales leales
14099,16,20,5765.71,5,5,5,555,15,Campeones
14100,138,1,194.9,3,1,1,311,5,Necesitan atención
14101,74,13,8971.93,3,5,5,355,13,Leales
14102,5,5,1360.28,5,4,4,544,13,Campeones
14104,155,5,771.5799999999999,3,4,3,343,10,Leales
14105,239,5,5988.83,2,4,5,245,11,En riesgo
14106,737,1,214.8,1,1,1,111,3,Necesitan atención
14107,52,11,4877.3,4,5,5,455,14,Campeones
14108,31,4,1044.96,4,3,3,433,10,Otros
14109,73,1,144.2,3,1,1,311,5,Necesitan atención
14110,4,33,12987.95,5,5,5,555,15,Campeones
14111,14,4,692.85,5,3,3,533,11,Otros
14112,23,13,5834.59,4,5,5,455,14,Campeones
14113,4,16,7092.610000000001,5,5,5,555,15,Campeones
14114,274,7,1364.09,2,4,4,244,10,En riesgo
14115,502,2,622.67,1,2,3,123,6,Necesitan atención
14116,20,5,1382.74,4,4,4,444,12,Campeones
14117,144,1,90.0,3,1,1,311,5,Necesitan atención
14118,429,1,458.45,1,1,2,112,4,Necesitan atención
14119,376,2,183.37,2,2,1,221,5,Necesitan atención
14121,4,4,2780.15,5,3,4,534,12,Otros
14122,406,3,362.42,2,3,2,232,7,Necesitan atención
14123,733,1,436.18,1,1,2,112,4,Necesitan atención
14124,84,1,419.58,3,1,2,312,6,Necesitan atención
14125,11,3,2740.43,5,3,4,534,12,Otros
14126,8,4,1172.46,5,3,3,533,11,Otros
14127,123,6,1900.0800000000002,3,4,4,344,11,Leales
14128,61,3,924.21,3,3,3,333,9,Necesitan atención
14129,2,9,2591.34,5,5,4,554,14,Campeones
14130,319,4,1882.67,2,3,4,234,9,En riesgo
14131,649,1,187.87,1,1,1,111,3,Necesitan atención
14132,2,11,3586.03,5,5,5,555,15,Campeones
14133,130,4,911.14,3,3,3,333,9,Necesitan atención
14134,383,15,11123.35,2,5,5,255,12,En riesgo
14135,2,24,9499.92,5,5,5,555,15,Campeones
14136,401,5,1570.81,2,4,4,244,10,En riesgo
14137,696,1,332.7,1,1,2,112,4,Necesitan atención
14138,2,2,982.38,5,2,3,523,10,Potenciales leales
14139,46,4,1086.8,4,3,3,433,10,Otros
14140,4,2,935.05,5,2,3,523,10,Potenciales leales
14141,3,4,915.13,5,3,3,533,11,Otros
14142,373,2,983.15,2,2,3,223,7,Necesitan atención
14143,134,1,115.8,3,1,1,311,5,Necesitan atención
14144,486,1,30.6,1,1,1,111,3,Necesitan atención
14145,47,7,7600.05,4,4,5,445,13,Campeones
14146,9,12,9450.3,5,5,5,555,15,Campeones
14147,78,9,2590.2,3,5,4,354,12,Leales
14148,234,2,466.29,2,2,2,222,6,Necesitan atención
14149,221,1,446.62,2,1,2,212,5,Necesitan atención
14150,36,2,658.64,4,2,3,423,9,Potenciales leales
14151,673,2,679.45,1,2,3,123,6,Necesitan atención
14152,75,7,1997.3400000000001,3,4,4,344,11,Leales
14153,483,1,233.39999999999998,1,1,1,111,3,Necesitan atención
14154,239,8,6265.7,2,4,5,245,11,En riesgo
14155,266,1,118.75,2,1,1,211,4,Necesitan atención
14156,10,150,298240.63,5,5,5,555,15,Campeones
14157,20,5,1002.7800000000001,4,4,3,443,11,Leales
14158,40,1,507.65999999999997,4,1,2,412,7,Potenciales leales
14159,20,20,7938.01,4,5,5,455,14,Campeones
14160,610,7,8421.47,1,4,5,145,10,En riesgo
14161,216,7,3318.88,2,4,5,245,11,En riesgo
14162,174,2,289.36,3,2,2,322,7,Necesitan atención
14163,87,5,2594.62,3,4,4,344,11,Leales
14164,71,2,1631.77,3,2,4,324,9,Otros
14165,276,1,122.53999999999999,2,1,1,211,4,Necesitan atención
14166,505,2,256.85,1,2,1,121,4,Necesitan atención
14167,39,8,1296.49,4,4,4,444,12,Campeones
14168,421,2,370.45,1,2,2,122,5,Necesitan atención
14169,431,2,624.4300000000001,1,2,3,123,6,Necesitan atención
14170,375,3,597.33,2,3,2,232,7,Necesitan atención
14171,98,2,498.79,3,2,2,322,7,Necesitan atención
14172,605,3,402.71999999999997,1,3,2,132,6,Necesitan atención
14173,11,6,586.0,5,4,2,542,11,Leales
14174,33,1,134.46,4,1,1,411,6,Potenciales leales
14175,60,8,7678.88,3,4,5,345,12,Leales
14176,297,5,916.01,2,4,3,243,9,En riesgo
14177,86,13,2229.34,3,5,4,354,12,Leales
14178,9,7,1620.93,5,4,4,544,13,Campeones
14179,41,2,719.78,4,2,3,423,9,Potenciales leales
14180,11,33,6154.25,5,5,5,555,15,Campeones
14181,411,2,310.55,1,2,2,122,5,Necesitan atención
14182,444,4,678.77,1,3,3,133,7,En riesgo
14183,411,2,286.29,1,2,2,122,5,Necesitan atención
14184,67,1,452.89,3,1,2,312,6,Necesitan atención
14185,331,1,32.65,2,1,1,211,4,Necesitan atención
14186,427,5,1550.63,1,4,4,144,9,En riesgo
14187,474,1,123.5,1,1,1,111,3,Necesitan atención
14188,31,6,2054.36,4,4,4,444,12,Campeones
14189,2,16,5814.39,5,5,5,555,15,Campeones
14190,666,1,79.9,1,1,1,111,3,Necesitan atención
14191,2,15,4817.66,5,5,5,555,15,Campeones
14192,388,1,293.74,2,1,2,212,5,Necesitan atención
14193,68,3,1210.19,3,3,3,333,9,Necesitan atención
14194,5,36,18670.59,5,5,5,555,15,Campeones
14195,202,6,2615.6,2,4,4,244,10,En riesgo
14196,107,1,335.52,3,1,2,312,6,Necesitan atención
14197,411,1,390.05,1,1,2,112,4,Necesitan atención
14198,18,9,1569.73,5,5,4,554,14,Campeones
14199,218,4,1091.7,2,3,3,233,8,En riesgo
14200,617,1,379.2,1,1,2,112,4,Necesitan atención
14201,60,10,1193.54,3,5,3,353,11,Leales
14202,381,3,847.76,2,3,3,233,8,En riesgo
14203,397,1,339.34,2,1,2,212,5,Necesitan atención
14204,2,4,1062.96,5,3,3,533,11,Otros
14205,17,9,2414.2,5,5,4,554,14,Campeones
14206,239,3,1185.01,2,3,3,233,8,En riesgo
14207,688,1,157.8,1,1,1,111,3,Necesitan atención
14208,95,2,567.05,3,2,2,322,7,Necesitan atención
14209,11,15,4993.27,5,5,5,555,15,Campeones
14210,106,16,5861.52,3,5,5,355,13,Leales
14211,53,18,4402.29,4,5,5,455,14,Campeones
14212,90,2,2190.14,3,2,4,324,9,Otros
14213,405,1,1192.2,2,1,3,213,6,Necesitan atención
14214,31,5,1004.38,4,4,3,443,11,Leales
14215,12,9,3416.33,5,5,5,555,15,Campeones
14216,3,5,2150.04,5,4,4,544,13,Campeones
14217,2,23,3416.89,5,5,5,555,15,Campeones
14218,43,1,169.48000000000002,4,1,1,411,6,Potenciales leales
14219,4,3,633.83,5,3,3,533,11,Otros
14220,247,4,1515.0,2,3,4,234,9,En riesgo
14221,42,17,6517.49,4,5,5,455,14,Campeones
14222,177,1,683.17,3,1,3,313,7,Necesitan atención
14223,92,3,991.13,3,3,3,333,9,Necesitan atención
14224,110,9,1897.9,3,5,4,354,12,Leales
14225,435,4,2037.02,1,3,4,134,8,En riesgo
14226,29,6,3002.53,4,4,5,445,13,Campeones
14227,26,15,6368.71,4,5,5,455,14,Campeones
14228,438,3,745.5,1,3,3,133,7,En riesgo
14229,52,7,2594.04,4,4,4,444,12,Campeones
14230,436,3,979.8000000000001,1,3,3,133,7,En riesgo
14231,184,4,1235.6200000000001,3,3,4,334,10,Otros
14232,43,5,2048.07,4,4,4,444,12,Campeones
14233,49,7,2904.27,4,4,4,444,12,Campeones
14234,22,4,775.46,4,3,3,433,10,Otros
14235,75,9,4717.99,3,5,5,355,13,Leales
14236,81,5,1744.64,3,4,4,344,11,Leales
14237,373,2,632.14,2,2,3,223,7,Necesitan atención
14238,326,3,434.22999999999996,2,3,2,232,7,Necesitan atención
14239,43,21,4263.17,4,5,5,455,14,Campeones
14240,30,3,1247.49,4,3,4,434,11,Otros
14241,184,2,333.70000000000005,3,2,2,322,7,Necesitan atención
14242,235,2,280.55,2,2,1,221,5,Necesitan atención
14243,9,17,7431.05,5,5,5,555,15,Campeones
14244,661,1,366.42,1,1,2,112,4,Necesitan atención
14245,220,2,1693.45,2,2,4,224,8,Otros
14246,111,3,1474.06,3,3,4,334,10,Otros
14247,278,5,772.66,2,4,3,243,9,En riesgo
14248,318,3,1032.95,2,3,3,233,8,En riesgo
14249,411,12,5625.461,1,5,5,155,11,En riesgo
14250,7,3,1904.05,5,3,4,534,12,Otros
14251,2,5,2879.7000000000003,5,4,4,544,13,Campeones
14252,381,1,350.99,2,1,2,212,5,Necesitan atención
14253,493,2,363.40000000000003,1,2,2,122,5,Necesitan atención
14254,433,1,601.03,1,1,2,112,4,Necesitan atención
14256,260,5,2473.9900000000002,2,4,4,244,10,En riesgo
14257,64,9,5954.45,3,5,5,355,13,Leales
14258,9,25,30740.94,5,5,5,555,15,Campeones
14259,142,1,120.0,3,1,1,311,5,Necesitan atención
14260,471,3,824.28,1,3,3,133,7,En riesgo
14261,51,2,1163.45,4,2,3,423,9,Potenciales leales
14262,8,8,2618.23,5,4,4,544,13,Campeones
14263,423,1,322.93,1,1,2,112,4,Necesitan atención
14264,155,6,1517.3600000000001,3,4,4,344,11,Leales
14265,109,4,1373.35,3,3,4,334,10,Otros
14266,428,1,40.56,1,1,1,111,3,Necesitan atención
14267,163,3,1516.24,3,3,4,334,10,Otros
14268,471,1,354.85,1,1,2,112,4,Necesitan atención
14269,439,1,295.73,1,1,2,112,4,Necesitan atención
14270,332,1,492.65000000000003,2,1,2,212,5,Necesitan atención
14271,226,2,219.13,2,2,1,221,5,Necesitan atención
14272,74,4,920.8100000000001,3,3,3,333,9,Necesitan atención
14273,51,4,559.97,4,3,2,432,9,Otros
14274,686,1,256.6,1,1,1,111,3,Necesitan atención
14275,396,6,1189.3799999999999,2,4,3,243,9,En riesgo
14276,99,7,2102.68,3,4,4,344,11,Leales
14277,15,8,5700.32,5,4,5,545,14,Campeones
14278,410,1,205.82999999999998,2,1,1,211,4,Necesitan atención
14279,521,2,191.86,1,2,1,121,4,Necesitan atención
14280,197,1,134.04,2,1,1,211,4,Necesitan atención
14281,408,1,245.15,2,1,1,211,4,Necesitan atención
14282,3,25,7849.66,5,5,5,555,15,Campeones
14283,463,4,628.44,1,3,3,133,7,En riesgo
14284,31,3,1299.65,4,3,4,434,11,Otros
14285,21,8,3284.42,4,4,5,445,13,Campeones
14286,24,7,8479.76,4,4,5,445,13,Campeones
14287,8,3,176.63,5,3,1,531,9,Otros
14288,213,1,426.6,2,1,2,212,5,Necesitan atención
14289,9,6,911.26,5,4,3,543,12,Leales
14290,11,8,4516.56,5,4,5,545,14,Campeones
14291,2,23,7904.1,5,5,5,555,15,Campeones
14292,8,16,9226.25,5,5,5,555,15,Campeones
14293,3,9,3267.9300000000003,5,5,5,555,15,Campeones
14294,407,1,375.34000000000003,2,1,2,212,5,Necesitan atención
14295,40,5,2362.91,4,4,4,444,12,Campeones
14296,421,2,456.4,1,2,2,122,5,Necesitan atención
14297,18,4,1305.33,5,3,4,534,12,Otros
14298,8,81,90816.49,5,5,5,555,15,Campeones
14299,8,27,14499.49,5,5,5,555,15,Campeones
14300,19,1,43.2,5,1,1,511,7,Potenciales leales
14301,117,4,1992.18,3,3,4,334,10,Otros
14302,431,3,742.9000000000001,1,3,3,133,7,En riesgo
14303,407,2,277.94,2,2,1,221,5,Necesitan atención
14304,223,3,1725.01,2,3,4,234,9,En riesgo
14305,71,3,1858.96,3,3,4,334,10,Otros
14306,51,6,3151.4,4,4,5,445,13,Campeones
14307,89,10,5071.03,3,5,5,355,13,Leales
14309,8,11,3780.81,5,5,5,555,15,Campeones
14310,433,1,492.1,1,1,2,112,4,Necesitan atención
14311,243,2,516.45,2,2,2,222,6,Necesitan atención
14312,47,11,3090.29,4,5,5,455,14,Campeones
14314,107,2,229.79999999999998,3,2,1,321,6,Necesitan atención
14315,45,8,3197.82,4,4,5,445,13,Campeones
14316,422,5,886.5,1,4,3,143,8,En riesgo
14317,65,1,508.58000000000004,3,1,2,312,6,Necesitan atención
14318,460,1,158.02,1,1,1,111,3,Necesitan atención
14319,424,1,494.85,1,1,2,112,4,Necesitan atención
14320,207,5,1346.75,2,4,4,244,10,En riesgo
14321,11,7,2218.06,5,4,4,544,13,Campeones
14322,429,4,474.1,1,3,2,132,6,Necesitan atención
14323,115,2,605.0600000000001,3,2,2,322,7,Necesitan atención
14324,410,2,701.61,2,2,3,223,7,Necesitan atención
14325,570,1,245.48000000000002,1,1,1,111,3,Necesitan atención
14326,242,3,940.98,2,3,3,233,8,En riesgo
14327,163,6,1894.93,3,4,4,344,11,Leales
14329,17,15,9927.22,5,5,5,555,15,Campeones
14330,624,1,200.63,1,1,1,111,3,Necesitan atención
14331,124,2,462.65999999999997,3,2,2,322,7,Necesitan atención
14332,23,5,1943.51,4,4,4,444,12,Campeones
14333,68,1,415.2,3,1,2,312,6,Necesitan atención
14334,17,12,4318.4800000000005,5,5,5,555,15,Campeones
14335,16,2,468.26,5,2,2,522,9,Potenciales leales
14336,17,4,1614.91,5,3,4,534,12,Otros
14338,161,3,928.1,3,3,3,333,9,Necesitan atención
14339,243,2,620.27,2,2,3,223,7,Necesitan atención
14340,219,1,134.7,2,1,1,211,4,Necesitan atención
14341,45,18,4467.32,4,5,5,455,14,Campeones
14342,21,6,918.44,4,4,3,443,11,Leales
14343,421,4,1088.91,1,3,3,133,7,En riesgo
14344,127,20,3333.7000000000003,3,5,5,355,13,Leales
14345,39,1,108.98,4,1,1,411,6,Potenciales leales
14346,121,5,2315.75,3,4,4,344,11,Leales
14347,737,1,82.6,1,1,1,111,3,Necesitan atención
14348,260,1,409.57,2,1,2,212,5,Necesitan atención
14349,10,1,133.5,5,1,1,511,7,Potenciales leales
14350,274,3,972.03,2,3,3,233,8,En riesgo
14351,165,1,51.0,3,1,1,311,5,Necesitan atención
14352,157,4,1078.96,3,3,3,333,9,Necesitan atención
14353,215,3,376.5,2,3,2,232,7,Necesitan atención
14354,6,2,163.62,5,2,1,521,8,Potenciales leales
14355,366,3,1014.45,2,3,3,233,8,En riesgo
14356,80,2,701.23,3,2,3,323,8,Necesitan atención
14357,43,1,225.76999999999998,4,1,1,411,6,Potenciales leales
14358,389,2,400.06,2,2,2,222,6,Necesitan atención
14359,19,3,912.1800000000001,5,3,3,533,11,Otros
14360,32,4,2128.23,4,3,4,434,11,Otros
14361,579,1,214.71,1,1,1,111,3,Necesitan atención
14362,22,1,161.2,4,1,1,411,6,Potenciales leales
14363,402,2,227.47000000000003,2,2,1,221,5,Necesitan atención
14364,109,8,3717.35,3,4,5,345,12,Leales
14365,395,2,634.68,2,2,3,223,7,Necesitan atención
14366,525,1,136.0,1,1,1,111,3,Necesitan atención
14367,8,16,9261.52,5,5,5,555,15,Campeones
14368,320,1,155.0,2,1,1,211,4,Necesitan atención
14369,642,2,469.13,1,2,2,122,5,Necesitan atención
14370,451,6,1175.78,1,4,3,143,8,En riesgo
14371,295,1,100.5,2,1,1,211,4,Necesitan atención
14372,443,2,860.08,1,2,3,123,6,Necesitan atención
14373,358,1,76.55,2,1,1,211,4,Necesitan atención
14374,541,1,108.0,1,1,1,111,3,Necesitan atención
14375,185,3,1132.99,3,3,3,333,9,Necesitan atención
14376,683,1,215.46,1,1,1,111,3,Necesitan atención
14377,191,2,617.05,2,2,3,223,7,Necesitan atención
14378,622,1,131.25,1,1,1,111,3,Necesitan atención
14379,44,4,1268.91,4,3,4,434,11,Otros
14380,682,1,48.96,1,1,1,111,3,Necesitan atención
14381,52,2,631.34,4,2,3,423,9,Potenciales leales
14382,26,2,1246.8,4,2,4,424,10,Potenciales leales
14383,38,3,1247.69,4,3,4,434,11,Otros
14384,501,1,58.5,1,1,1,111,3,Necesitan atención
14385,9,3,202.11,5,3,1,531,9,Otros
14386,297,1,142.4,2,1,1,211,4,Necesitan atención
14387,33,3,1770.56,4,3,4,434,11,Otros
14388,10,16,6701.0,5,5,5,555,15,Campeones
14389,65,5,1898.01,3,4,4,344,11,Leales
14390,10,13,6399.83,5,5,5,555,15,Campeones
14391,577,1,135.6,1,1,1,111,3,Necesitan atención
14392,432,1,266.40000000000003,1,1,1,111,3,Necesitan atención
14393,218,1,67.95,2,1,1,211,4,Necesitan atención
14394,565,1,93.8,1,1,1,111,3,Necesitan atención
14395,2,20,8208.01,5,5,5,555,15,Campeones
14396,65,7,2121.93,3,4,4,344,11,Leales
14397,3,19,2612.96,5,5,4,554,14,Campeones
14398,401,2,707.7900000000001,2,2,3,223,7,Necesitan atención
14399,394,8,2113.16,2,4,4,244,10,En riesgo
14400,149,3,1732.47,3,3,4,334,10,Otros
14401,4,22,6795.9,5,5,5,555,15,Campeones
14402,652,1,285.6,1,1,1,111,3,Necesitan atención
14403,130,6,1880.51,3,4,4,344,11,Leales
14404,34,13,2899.11,4,5,4,454,13,Campeones
14405,387,1,195.0,2,1,1,211,4,Necesitan atención
14406,119,1,156.75,3,1,1,311,5,Necesitan atención
14407,107,6,2157.73,3,4,4,344,11,Leales
14408,11,11,4109.77,5,5,5,555,15,Campeones
14409,71,9,3756.09,3,5,5,355,13,Leales
14410,92,11,2651.14,3,5,4,354,12,Leales
14411,311,1,1063.0,2,1,3,213,6,Necesitan atención
14412,43,3,1426.19,4,3,4,434,11,Otros
14413,362,3,427.57,2,3,2,232,7,Necesitan atención
14414,92,8,2399.33,3,4,4,344,11,Leales
14415,1,23,12091.6,5,5,5,555,15,Campeones
14416,22,2,490.22,4,2,2,422,8,Potenciales leales
14417,388,1,604.2,2,1,2,212,5,Necesitan atención
14418,4,3,1937.25,5,3,4,534,12,Otros
14419,11,7,1260.91,5,4,4,544,13,Campeones
14420,99,4,1639.17,3,3,4,334,10,Otros
14421,57,6,2469.37,4,4,4,444,12,Campeones
14422,1,19,10271.52,5,5,5,555,15,Campeones
14423,218,3,916.61,2,3,3,233,8,En riesgo
14424,18,1,322.08,5,1,2,512,8,Potenciales leales
14425,435,3,661.39,1,3,3,133,7,En riesgo
14426,24,17,11727.94,4,5,5,455,14,Campeones
14427,50,4,968.52,4,3,3,433,10,Otros
14428,7,5,1244.83,5,4,4,544,13,Campeones
14429,404,1,516.28,2,1,2,212,5,Necesitan atención
14430,512,3,1220.9,1,3,3,133,7,En riesgo
14431,303,4,2614.2,2,3,4,234,9,En riesgo
14432,10,6,2255.51,5,4,4,544,13,Campeones
14433,466,1,289.6,1,1,2,112,4,Necesitan atención
14434,22,6,1372.8,4,4,4,444,12,Campeones
14435,502,1,90.41999999999999,1,1,1,111,3,Necesitan atención
14436,99,2,271.7,3,2,1,321,6,Necesitan atención
14437,366,5,958.84,2,4,3,243,9,En riesgo
14438,306,1,131.9,2,1,1,211,4,Necesitan atención
14439,320,5,9443.04,2,4,5,245,11,En riesgo
14440,8,13,6638.7300000000005,5,5,5,555,15,Campeones
14441,1,11,4611.69,5,5,5,555,15,Campeones
14442,205,7,5367.02,2,4,5,245,11,En riesgo
14443,54,5,2386.4700000000003,4,4,4,444,12,Campeones
14444,456,1,132.04,1,1,1,111,3,Necesitan atención
14445,456,1,221.65,1,1,1,111,3,Necesitan atención
14446,1,5,1241.31,5,4,4,544,13,Campeones
14447,19,6,1711.73,5,4,4,544,13,Campeones
14448,9,2,375.35,5,2,2,522,9,Potenciales leales
14449,19,8,2482.8,5,4,4,544,13,Campeones
14450,181,7,1128.44,3,4,3,343,10,Leales
14451,60,12,3308.77,3,5,5,355,13,Leales
14452,11,4,665.59,5,3,3,533,11,Otros
14453,190,1,119.93,2,1,1,211,4,Necesitan atención
14454,376,5,977.3,2,4,3,243,9,En riesgo
14455,432,4,628.21,1,3,3,133,7,En riesgo
14456,5,9,3062.4,5,5,5,555,15,Campeones
14457,311,1,113.64,2,1,1,211,4,Necesitan atención
14458,381,1,237.42,2,1,1,211,4,Necesitan atención
14459,155,2,5375.741,3,2,5,325,10,Otros
14460,110,9,1093.5,3,5,3,353,11,Leales
14461,148,13,6713.5,3,5,5,355,13,Leales
14462,66,12,2270.01,3,5,4,354,12,Leales
14463,98,4,786.5699999999999,3,3,3,333,9,Necesitan atención
14464,568,2,111.0,1,2,1,121,4,Necesitan atención
14465,247,11,3946.03,2,5,5,255,12,En riesgo
14466,29,13,4646.9,4,5,5,455,14,Campeones
14467,18,12,2220.9900000000002,5,5,4,554,14,Campeones
14468,734,1,204.24,1,1,1,111,3,Necesitan atención
14469,416,4,2112.21,1,3,4,134,8,En riesgo
14470,12,3,712.04,5,3,3,533,11,Otros
14471,591,2,400.95,1,2,2,122,5,Necesitan atención
14472,104,9,2228.22,3,5,4,354,12,Leales
14473,74,2,234.34,3,2,1,321,6,Necesitan atención
14474,46,2,1278.08,4,2,4,424,10,Potenciales leales
14475,72,4,1151.15,3,3,3,333,9,Necesitan atención
14476,257,1,215.7,2,1,1,211,4,Necesitan atención
14477,20,7,1969.6,4,4,4,444,12,Campeones
14478,382,4,1276.66,2,3,4,234,9,En riesgo
14479,254,4,1299.1100000000001,2,3,4,234,9,En riesgo
14480,11,4,1299.52,5,3,4,534,12,Otros
14481,165,5,2311.4900000000002,3,4,4,344,11,Leales
14482,18,12,4357.91,5,5,5,555,15,Campeones
14483,282,2,257.1,2,2,1,221,5,Necesitan atención
14484,50,4,1070.98,4,3,3,433,10,Otros
14485,39,1,165.75,4,1,1,411,6,Potenciales leales
14486,512,2,175.5,1,2,1,121,4,Necesitan atención
14487,27,7,1453.6100000000001,4,4,4,444,12,Campeones
14488,68,1,1064.28,3,1,3,313,7,Necesitan atención
14489,207,4,1574.93,2,3,4,234,9,En riesgo
14490,406,2,1273.47,2,2,4,224,8,Otros
14491,175,2,468.13,3,2,2,322,7,Necesitan atención
14492,430,7,1921.91,1,4,4,144,9,En riesgo
14493,7,10,5130.15,5,5,5,555,15,Campeones
14494,26,3,401.46,4,3,2,432,9,Otros
14495,51,3,174.8,4,3,1,431,8,Otros
14496,312,7,2668.23,2,4,4,244,10,En riesgo
14497,309,2,697.0600000000001,2,2,3,223,7,Necesitan atención
14498,43,10,3911.27,4,5,5,455,14,Campeones
14499,26,7,2138.9700000000003,4,4,4,444,12,Campeones
14500,88,3,356.85,3,3,2,332,8,Necesitan atención
14501,184,2,251.21,3,2,1,321,6,Necesitan atención
14502,20,11,2470.67,4,5,4,454,13,Campeones
14503,3,6,3543.26,5,4,5,545,14,Campeones
14504,47,4,673.26,4,3,3,433,10,Otros
14505,17,19,12001.84,5,5,5,555,15,Campeones
14506,17,7,3290.67,5,4,5,545,14,Campeones
14507,24,11,3284.43,4,5,5,455,14,Campeones
14508,22,5,874.94,4,4,3,443,11,Leales
14509,534,1,110.95,1,1,1,111,3,Necesitan atención
14510,376,3,1007.28,2,3,3,233,8,En riesgo
14511,11,5,1314.81,5,4,4,544,13,Campeones
14512,188,7,1223.47,3,4,3,343,10,Leales
14513,101,6,788.01,3,4,3,343,10,Leales
14514,61,9,4598.9800000000005,3,5,5,355,13,Leales
14515,18,12,3749.26,5,5,5,555,15,Campeones
14516,516,1,163.92,1,1,1,111,3,Necesitan atención
14517,33,2,330.45,4,2,2,422,8,Potenciales leales
14518,64,1,174.37,3,1,1,311,5,Necesitan atención
14519,684,2,206.09,1,2,1,121,4,Necesitan atención
14520,2,2,270.6,5,2,1,521,8,Potenciales leales
14521,491,1,199.45000000000002,1,1,1,111,3,Necesitan atención
14522,24,8,1758.6200000000001,4,4,4,444,12,Campeones
14523,108,1,241.09,3,1,1,311,5,Necesitan atención
14524,32,13,2933.71,4,5,5,455,14,Campeones
14525,20,17,8240.64,4,5,5,455,14,Campeones
14526,389,1,262.4,2,1,1,211,4,Necesitan atención
14527,3,122,27792.3,5,5,5,555,15,Campeones
14528,37,1,364.22,4,1,2,412,7,Potenciales leales
14529,60,3,620.04,3,3,3,333,9,Necesitan atención
14530,26,16,6197.4,4,5,5,455,14,Campeones
14531,480,1,376.34,1,1,2,112,4,Necesitan atención
14532,236,11,3859.18,2,5,5,255,12,En riesgo
14533,25,11,3267.17,4,5,5,455,14,Campeones
14534,3,26,6271.11,5,5,5,555,15,Campeones
14535,60,9,6030.7300000000005,3,5,5,355,13,Leales
14536,260,1,171.8,2,1,1,211,4,Necesitan atención
14537,58,2,641.4,4,2,3,423,9,Potenciales leales
14538,65,5,1370.8400000000001,3,4,4,344,11,Leales
14539,16,2,537.48,5,2,2,522,9,Potenciales leales
14540,10,11,3795.34,5,5,5,555,15,Campeones
14541,59,14,2499.68,4,5,4,454,13,Campeones
14542,186,1,103.25,3,1,1,311,5,Necesitan atención
14543,29,39,14906.77,4,5,5,455,14,Campeones
14544,24,3,2982.43,4,3,5,435,12,Otros
14545,674,1,349.25,1,1,2,112,4,Necesitan atención
14546,5,11,5197.9,5,5,5,555,15,Campeones
14547,4,8,4007.54,5,4,5,545,14,Campeones
14548,151,9,2627.49,3,5,4,354,12,Leales
14549,311,4,916.55,2,3,3,233,8,En riesgo
14550,11,4,1353.31,5,3,4,534,12,Otros
14551,18,7,880.04,5,4,3,543,12,Leales
14552,152,3,511.28000000000003,3,3,2,332,8,Necesitan atención
14553,19,9,1676.54,5,5,4,554,14,Campeones
14554,10,4,2381.04,5,3,4,534,12,Otros
14555,57,6,2315.63,4,4,4,444,12,Campeones
14556,596,3,835.34,1,3,3,133,7,En riesgo
14557,85,1,788.38,3,1,3,313,7,Necesitan atención
14558,654,3,655.5,1,3,3,133,7,En riesgo
14559,390,1,75.6,2,1,1,211,4,Necesitan atención
14560,7,44,6114.03,5,5,5,555,15,Campeones
14561,76,3,1080.76,3,3,3,333,9,Necesitan atención
14562,4,26,6729.400000000001,5,5,5,555,15,Campeones
14563,510,2,679.44,1,2,3,123,6,Necesitan atención
14564,435,2,2605.62,1,2,4,124,7,Otros
14565,96,5,3859.2200000000003,3,4,5,345,12,Leales
14566,111,4,4092.0,3,3,5,335,11,Otros
14567,57,2,1530.3600000000001,4,2,4,424,10,Potenciales leales
14568,435,1,919.7,1,1,3,113,5,Necesitan atención
14569,1,4,598.98,5,3,2,532,10,Otros
14570,281,3,613.75,2,3,3,233,8,En riesgo
14571,425,1,161.65,1,1,1,111,3,Necesitan atención
14572,3,11,5615.18,5,5,5,555,15,Campeones
14573,180,13,2621.42,3,5,4,354,12,Leales
14574,733,1,143.7,1,1,1,111,3,Necesitan atención
14575,488,1,460.71,1,1,2,112,4,Necesitan atención
14576,372,1,70.80000000000001,2,1,1,211,4,Necesitan atención
14577,13,7,1374.25,5,4,4,544,13,Campeones
14578,3,1,168.63,5,1,1,511,7,Potenciales leales
14579,432,1,105.56,1,1,1,111,3,Necesitan atención
14580,518,1,14.85,1,1,1,111,3,Necesitan atención
14581,17,2,433.8,5,2,2,522,9,Potenciales leales
14582,41,1,114.11,4,1,1,411,6,Potenciales leales
14583,6,8,1781.03,5,4,4,544,13,Campeones
14584,169,8,1747.91,3,4,4,344,11,Leales
14585,50,5,1143.27,4,4,3,443,11,Leales
14586,277,1,237.35999999999999,2,1,1,211,4,Necesitan atención
14587,19,9,1601.14,5,5,4,554,14,Campeones
14588,578,1,135.39,1,1,1,111,3,Necesitan atención
14589,372,1,79.5,2,1,1,211,4,Necesitan atención
14590,425,20,3006.62,1,5,5,155,11,En riesgo
14591,15,4,1447.14,5,3,4,534,12,Otros
14592,35,3,570.46,4,3,2,432,9,Otros
14593,22,12,3712.0099999999998,4,5,5,455,14,Campeones
14594,7,2,634.83,5,2,3,523,10,Potenciales leales
14595,20,8,2164.4500000000003,4,4,4,444,12,Campeones
14596,627,1,229.47,1,1,1,111,3,Necesitan atención
14597,11,6,2201.54,5,4,4,544,13,Campeones
14598,44,2,384.03999999999996,4,2,2,422,8,Potenciales leales
14599,390,2,474.54,2,2,2,222,6,Necesitan atención
14600,306,2,865.17,2,2,3,223,7,Necesitan atención
14601,11,1,213.96,5,1,1,511,7,Potenciales leales
14602,656,1,205.35999999999999,1,1,1,111,3,Necesitan atención
14603,275,1,660.0,2,1,3,213,6,Necesitan atención
14604,633,1,143.85999999999999,1,1,1,111,3,Necesitan atención
14605,374,4,937.16,2,3,3,233,8,En riesgo
14606,1,192,30861.06,5,5,5,555,15,Campeones
14607,16,20,20372.03,5,5,5,555,15,Campeones
14608,4,11,3352.94,5,5,5,555,15,Campeones
14609,522,3,174.24,1,3,1,131,5,Necesitan atención
14610,396,2,24.35,2,2,1,221,5,Necesitan atención
14611,444,2,604.33,1,2,2,122,5,Necesitan atención
14612,415,1,877.7,1,1,3,113,5,Necesitan atención
14613,680,1,76.32000000000001,1,1,1,111,3,Necesitan atención
14614,386,1,295.13,2,1,2,212,5,Necesitan atención
14615,394,5,951.76,2,4,3,243,9,En riesgo
14616,243,5,527.78,2,4,2,242,8,Otros
14617,403,2,190.47000000000003,2,2,1,221,5,Necesitan atención
14618,9,7,1342.32,5,4,4,544,13,Campeones
14619,246,2,1291.24,2,2,4,224,8,Otros
14620,206,2,412.78000000000003,2,2,2,222,6,Necesitan atención
14621,1,9,3000.57,5,5,5,555,15,Campeones
14622,185,1,320.58000000000004,3,1,2,312,6,Necesitan atención
14623,32,10,2059.58,4,5,4,454,13,Campeones
14624,57,6,814.07,4,4,3,443,11,Leales
14625,196,11,4497.88,2,5,5,255,12,En riesgo
14626,24,11,5410.92,4,5,5,455,14,Campeones
14627,379,1,462.75,2,1,2,212,5,Necesitan atención
14628,91,5,1998.0,3,4,4,344,11,Leales
14629,4,2,959.01,5,2,3,523,10,Potenciales leales
14630,484,1,338.65,1,1,2,112,4,Necesitan atención
14631,51,6,2025.69,4,4,4,444,12,Campeones
14632,263,1,114.56,2,1,1,211,4,Necesitan atención
14633,266,1,344.90000000000003,2,1,2,212,5,Necesitan atención
14634,438,4,2124.46,1,3,4,134,8,En riesgo
14635,454,1,215.22,1,1,1,111,3,Necesitan atención
14636,36,2,609.85,4,2,2,422,8,Potenciales leales
14637,677,1,106.68,1,1,1,111,3,Necesitan atención
14638,51,1,443.6,4,1,2,412,7,Potenciales leales
14639,52,9,4978.96,4,5,5,455,14,Campeones
14640,24,10,3667.06,4,5,5,455,14,Campeones
14641,22,1,110.46000000000001,4,1,1,411,6,Potenciales leales
14642,59,1,96.12,4,1,1,411,6,Potenciales leales
14643,170,5,1679.89,3,4,4,344,11,Leales
14644,68,7,2247.72,3,4,4,344,11,Leales
14645,157,3,876.89,3,3,3,333,9,Necesitan atención
14646,2,147,507320.36,5,5,5,555,15,Campeones
14647,201,2,519.97,2,2,2,222,6,Necesitan atención
14648,416,15,4546.86,1,5,5,155,11,En riesgo
14649,5,9,3775.31,5,5,5,555,15,Campeones
14650,589,1,62.5,1,1,1,111,3,Necesitan atención
14651,67,9,2034.1200000000001,3,5,4,354,12,Leales
14652,77,1,114.17999999999999,3,1,1,311,5,Necesitan atención
14653,1,11,3436.23,5,5,5,555,15,Campeones
14654,738,1,246.85999999999999,1,1,1,111,3,Necesitan atención
14655,8,7,3878.51,5,4,5,545,14,Campeones
14656,169,5,814.65,3,4,3,343,10,Leales
14657,18,6,1460.87,5,4,4,544,13,Campeones
14658,5,2,247.14999999999998,5,2,1,521,8,Potenciales leales
14659,9,9,2529.93,5,5,4,554,14,Campeones
14660,87,2,285.74,3,2,2,322,7,Necesitan atención
14661,27,1,107.95,4,1,1,411,6,Potenciales leales
14662,29,7,1416.33,4,4,4,444,12,Campeones
14663,430,2,490.6,1,2,2,122,5,Necesitan atención
14664,20,2,637.89,4,2,3,423,9,Potenciales leales
14665,61,7,2749.65,3,4,4,344,11,Leales
14666,24,1,195.25,4,1,1,411,6,Potenciales leales
14667,11,54,21927.14,5,5,5,555,15,Campeones
14668,445,1,111.63,1,1,1,111,3,Necesitan atención
14669,242,7,3243.93,2,4,5,245,11,En riesgo
14670,280,3,602.0,2,3,2,232,7,Necesitan atención
14671,549,2,1127.45,1,2,3,123,6,Necesitan atención
14672,235,4,1113.14,2,3,3,233,8,En riesgo
14673,3,7,3410.81,5,4,5,545,14,Campeones
14674,509,1,173.66,1,1,1,111,3,Necesitan atención
14675,16,2,1066.9,5,2,3,523,10,Potenciales leales
14676,31,12,8356.79,4,5,5,455,14,Campeones
14677,593,1,184.91,1,1,1,111,3,Necesitan atención
14678,579,1,403.39,1,1,2,112,4,Necesitan atención
14679,382,3,1289.44,2,3,4,234,9,En riesgo
14680,25,58,57412.77,4,5,5,455,14,Campeones
14681,71,6,875.1500000000001,3,4,3,343,10,Leales
14682,188,6,1514.81,3,4,4,344,11,Leales
14683,588,1,146.56,1,1,1,111,3,Necesitan atención
14684,26,6,1468.55,4,4,4,444,12,Campeones
14685,576,8,4619.79,1,4,5,145,10,En riesgo
14686,414,5,885.83,1,4,3,143,8,En riesgo
14687,107,3,1402.06,3,3,4,334,10,Otros
14688,8,28,7713.57,5,5,5,555,15,Campeones
14689,209,1,112.8,2,1,1,211,4,Necesitan atención
14690,44,4,794.33,4,3,3,433,10,Otros
14691,31,5,2114.33,4,4,4,444,12,Campeones
14692,137,12,1745.09,3,5,4,354,12,Leales
14693,265,7,1165.36,2,4,3,243,9,En riesgo
14694,617,1,244.31,1,1,1,111,3,Necesitan atención
14695,519,3,1620.07,1,3,4,134,8,En riesgo
14696,4,8,2767.9,5,4,4,544,13,Campeones
14697,218,2,188.61,2,2,1,221,5,Necesitan atención
14698,2,5,1250.76,5,4,4,544,13,Campeones
14699,214,4,702.6,2,3,3,233,8,En riesgo
14700,32,5,3116.26,4,4,5,445,13,Campeones
14701,11,15,4562.09,5,5,5,555,15,Campeones
14702,1,29,6754.22,5,5,5,555,15,Campeones
14703,15,1,318.17,5,1,2,512,8,Potenciales leales
14704,11,11,1813.57,5,5,4,554,14,Campeones
14705,199,1,179.0,2,1,1,211,4,Necesitan atención
14706,619,1,390.69,1,1,2,112,4,Necesitan atención
14707,436,2,139.2,1,2,1,121,4,Necesitan atención
14708,3,5,2212.28,5,4,4,544,13,Campeones
14709,15,25,8886.33,5,5,5,555,15,Campeones
14710,14,13,1922.59,5,5,4,554,14,Campeones
14711,10,11,2508.8,5,5,4,554,14,Campeones
14712,29,4,1328.07,4,3,4,434,11,Otros
14713,9,21,5418.87,5,5,5,555,15,Campeones
14714,24,4,906.24,4,3,3,433,10,Otros
14715,25,8,1840.45,4,4,4,444,12,Campeones
14716,43,3,565.45,4,3,2,432,9,Otros
14717,733,1,81.3,1,1,1,111,3,Necesitan atención
14718,410,1,226.42,2,1,1,211,4,Necesitan atención
14719,2,5,1602.13,5,4,4,544,13,Campeones
14720,6,3,663.81,5,3,3,533,11,Otros
14721,379,1,115.77,2,1,1,211,4,Necesitan atención
14722,147,3,513.37,3,3,2,332,8,Necesitan atención
14723,10,11,2093.06,5,5,4,554,14,Campeones
14724,590,1,345.25,1,1,2,112,4,Necesitan atención
14725,25,4,1315.24,4,3,4,434,11,Otros
14726,655,1,124.75,1,1,1,111,3,Necesitan atención
14727,274,3,467.93,2,3,2,232,7,Necesitan atención
14728,413,1,190.58,1,1,1,111,3,Necesitan atención
14729,374,3,907.38,2,3,3,233,8,En riesgo
14730,1,8,2005.06,5,4,4,544,13,Campeones
14731,47,3,380.02,4,3,2,432,9,Otros
14732,8,19,5517.07,5,5,5,555,15,Campeones
14733,16,15,16184.97,5,5,5,555,15,Campeones
14734,426,4,1056.42,1,3,3,133,7,En riesgo
14735,4,56,12240.16,5,5,5,555,15,Campeones
14736,485,2,401.08,1,2,2,122,5,Necesitan atención
14737,4,4,3554.17,5,3,5,535,13,Otros
14738,43,9,1821.9,4,5,4,454,13,Campeones
14739,4,25,12287.5,5,5,5,555,15,Campeones
14740,197,11,4161.06,2,5,5,255,12,En riesgo
14741,12,7,1897.5900000000001,5,4,4,544,13,Campeones
14742,435,1,579.85,1,1,2,112,4,Necesitan atención
14743,593,1,50.480000000000004,1,1,1,111,3,Necesitan atención
14744,16,14,3885.08,5,5,5,555,15,Campeones
14745,113,12,2571.81,3,5,4,354,12,Leales
14746,406,4,593.5,2,3,2,232,7,Necesitan atención
14747,249,1,328.2,2,1,2,212,5,Necesitan atención
14748,29,10,3152.32,4,5,5,455,14,Campeones
14749,480,1,310.15,1,1,2,112,4,Necesitan atención
14750,736,1,112.03,1,1,1,111,3,Necesitan atención
14751,684,2,126.45,1,2,1,121,4,Necesitan atención
14752,44,1,389.64,4,1,2,412,7,Potenciales leales
14753,87,2,869.51,3,2,3,323,8,Necesitan atención
14754,45,6,1550.48,4,4,4,444,12,Campeones
14755,10,25,9972.550000000001,5,5,5,555,15,Campeones
14756,15,3,2653.76,5,3,4,534,12,Otros
14757,75,1,420.5,3,1,2,312,6,Necesitan atención
14758,145,7,2864.9700000000003,3,4,4,344,11,Leales
14759,5,3,1625.97,5,3,4,534,12,Otros
14760,297,1,89.2,2,1,1,211,4,Necesitan atención
14761,59,3,447.92,4,3,2,432,9,Otros
14762,264,2,417.57,2,2,2,222,6,Necesitan atención
14764,47,1,278.3,4,1,1,411,6,Potenciales leales
14765,29,3,254.11,4,3,1,431,8,Otros
14766,8,11,6556.13,5,5,5,555,15,Campeones
14767,474,1,382.81,1,1,2,112,4,Necesitan atención
14768,17,2,192.60000000000002,5,2,1,521,8,Potenciales leales
14769,3,17,15771.880000000001,5,5,5,555,15,Campeones
14770,232,8,3637.6400000000003,2,4,5,245,11,En riesgo
14771,621,2,594.62,1,2,2,122,5,Necesitan atención
14772,112,1,139.26,3,1,1,311,5,Necesitan atención
14773,593,1,140.55,1,1,1,111,3,Necesitan atención
14774,529,1,241.45000000000002,1,1,1,111,3,Necesitan atención
14775,58,3,1418.46,4,3,4,434,11,Otros
14776,51,15,3708.2999999999997,4,5,5,455,14,Campeones
14777,404,1,307.56,2,1,2,212,5,Necesitan atención
14778,127,2,730.86,3,2,3,323,8,Necesitan atención
14779,281,3,386.15,2,3,2,232,7,Necesitan atención
14780,55,2,447.68,4,2,2,422,8,Potenciales leales
14782,320,1,200.10000000000002,2,1,1,211,4,Necesitan atención
14783,659,1,307.3,1,1,2,112,4,Necesitan atención
14784,26,3,449.93,4,3,2,432,9,Otros
14785,10,2,77.4,5,2,1,521,8,Potenciales leales
14786,550,1,90.96,1,1,1,111,3,Necesitan atención
14787,471,1,110.65,1,1,1,111,3,Necesitan atención
14788,7,3,1156.32,5,3,3,533,11,Otros
14789,29,1,197.64,4,1,1,411,6,Potenciales leales
14790,17,10,2526.62,5,5,4,554,14,Campeones
14791,607,1,303.63,1,1,2,112,4,Necesitan atención
14792,64,1,6.2,3,1,1,311,5,Necesitan atención
14793,21,2,625.9,4,2,3,423,9,Potenciales leales
14794,3,10,1953.9,5,5,4,554,14,Campeones
14795,166,1,131.45000000000002,3,1,1,311,5,Necesitan atención
14796,1,27,10889.64,5,5,5,555,15,Campeones
14797,507,1,300.31,1,1,2,112,4,Necesitan atención
14798,53,8,724.31,4,4,3,443,11,Leales
14799,51,2,338.15000000000003,4,2,2,422,8,Potenciales leales
14800,48,17,7774.32,4,5,5,455,14,Campeones
14801,61,1,193.14,3,1,1,311,5,Necesitan atención
14802,438,1,159.54,1,1,1,111,3,Necesitan atención
14803,162,3,845.5500000000001,3,3,3,333,9,Necesitan atención
14804,9,1,353.27,5,1,2,512,8,Potenciales leales
14805,15,7,1104.64,5,4,3,543,12,Leales
14806,75,2,303.43,3,2,2,322,7,Necesitan atención
14807,391,2,519.29,2,2,2,222,6,Necesitan atención
14808,40,8,2741.17,4,4,4,444,12,Campeones
14809,621,2,686.76,1,2,3,123,6,Necesitan atención
14810,41,13,2537.02,4,5,4,454,13,Campeones
14811,387,1,170.5,2,1,1,211,4,Necesitan atención
14812,599,1,185.8,1,1,1,111,3,Necesitan atención
14813,370,4,1090.87,2,3,3,233,8,En riesgo
14814,581,1,160.46,1,1,1,111,3,Necesitan atención
14815,37,2,778.5,4,2,3,423,9,Potenciales leales
14816,197,1,271.85,2,1,1,211,4,Necesitan atención
14817,200,7,3959.86,2,4,5,245,11,En riesgo
14818,74,6,1170.41,3,4,3,343,10,Leales
14819,64,4,470.15999999999997,3,3,2,332,8,Necesitan atención
14820,21,9,1274.76,4,5,4,454,13,Campeones
14821,367,7,1286.45,2,4,4,244,10,En riesgo
14822,485,1,157.7,1,1,1,111,3,Necesitan atención
14823,180,3,321.43,3,3,2,332,8,Necesitan atención
14824,10,10,4022.9100000000003,5,5,5,555,15,Campeones
14825,4,24,4925.08,5,5,5,555,15,Campeones
14826,582,2,385.2,1,2,2,122,5,Necesitan atención
14828,197,13,9257.460000000001,2,5,5,255,12,En riesgo
14829,29,7,1692.84,4,4,4,444,12,Campeones
14830,53,1,197.13,4,1,1,411,6,Potenciales leales
14831,680,3,1676.57,1,3,4,134,8,En riesgo
14833,499,1,94.8,1,1,1,111,3,Necesitan atención
14834,18,7,2206.16,5,4,4,544,13,Campeones
14835,529,2,297.0,1,2,2,122,5,Necesitan atención
14836,10,3,102.45,5,3,1,531,9,Otros
14837,90,9,3460.32,3,5,5,355,13,Leales
14838,423,2,773.6700000000001,1,2,3,123,6,Necesitan atención
14839,418,3,915.28,1,3,3,133,7,En riesgo
14840,268,2,362.71,2,2,2,222,6,Necesitan atención
14841,53,14,7163.0,4,5,5,455,14,Campeones
14842,44,4,2529.69,4,3,4,434,11,Otros
14843,437,1,211.8,1,1,1,111,3,Necesitan atención
14844,64,10,6702.43,3,5,5,355,13,Leales
14846,427,1,437.4,1,1,2,112,4,Necesitan atención
14847,149,3,1348.95,3,3,4,334,10,Otros
14848,405,1,310.56,2,1,2,212,5,Necesitan atención
14849,22,43,15763.45,4,5,5,455,14,Campeones
14850,312,7,1794.01,2,4,4,244,10,En riesgo
14851,23,3,829.41,4,3,3,433,10,Otros
14852,58,18,6147.18,4,5,5,455,14,Campeones
14853,24,5,1376.87,4,4,4,444,12,Campeones
14854,78,11,4322.86,3,5,5,355,13,Leales
14855,119,7,6520.3,3,4,5,345,12,Leales
14856,36,3,1311.3799999999999,4,3,4,434,11,Otros
14857,60,7,3651.851,3,4,5,345,12,Leales
14858,506,1,180.75,1,1,1,111,3,Necesitan atención
14859,13,5,1705.64,5,4,4,544,13,Campeones
14860,19,1,170.32,5,1,1,511,7,Potenciales leales
14861,52,10,1380.73,4,5,4,454,13,Campeones
14862,26,2,841.2,4,2,3,423,9,Potenciales leales
14863,29,1,266.76,4,1,1,411,6,Potenciales leales
14865,7,4,129.72,5,3,1,531,9,Otros
14866,11,19,20850.22,5,5,5,555,15,Campeones
14867,186,16,2952.06,3,5,5,355,13,Leales
14868,3,12,4184.01,5,5,5,555,15,Campeones
14869,9,6,2804.2400000000002,5,4,4,544,13,Campeones
14870,262,6,1838.95,2,4,4,244,10,En riesgo
14871,3,9,1258.97,5,5,4,554,14,Campeones
14872,484,3,816.6,1,3,3,133,7,En riesgo
14873,210,2,854.13,2,2,3,223,7,Necesitan atención
14874,535,1,116.18,1,1,1,111,3,Necesitan atención
14875,108,3,2862.4,3,3,4,334,10,Otros
14876,521,2,256.7,1,2,1,121,4,Necesitan atención
14877,418,2,437.0,1,2,2,122,5,Necesitan atención
14878,13,25,4105.24,5,5,5,555,15,Campeones
14879,685,1,185.06,1,1,1,111,3,Necesitan atención
14880,77,3,706.19,3,3,3,333,9,Necesitan atención
14881,20,1,255.4,4,1,1,411,6,Potenciales leales
14882,27,14,3628.15,4,5,5,455,14,Campeones
14883,19,6,761.59,5,4,3,543,12,Leales
14884,669,1,120.6,1,1,1,111,3,Necesitan atención
14885,132,3,1598.12,3,3,4,334,10,Otros
14886,253,1,364.8,2,1,2,212,5,Necesitan atención
14887,79,1,1862.0,3,1,4,314,8,Otros
14888,207,1,369.2,2,1,2,212,5,Necesitan atención
14889,336,1,135.9,2,1,1,211,4,Necesitan atención
14890,254,3,817.25,2,3,3,233,8,En riesgo
14891,148,4,1106.73,3,3,3,333,9,Necesitan atención
14892,691,1,202.35000000000002,1,1,1,111,3,Necesitan atención
14893,10,3,1809.6100000000001,5,3,4,534,12,Otros
14894,85,3,1492.81,3,3,4,334,10,Otros
14895,8,37,24824.54,5,5,5,555,15,Campeones
14896,205,8,2092.42,2,4,4,244,10,En riesgo
14897,8,8,3140.54,5,4,5,545,14,Campeones
14898,23,14,3507.81,4,5,5,455,14,Campeones
14899,395,1,1384.88,2,1,4,214,7,Otros
14900,522,1,13.919999999999998,1,1,1,111,3,Necesitan atención
14901,11,12,2289.65,5,5,4,554,14,Campeones
14902,26,3,1035.6200000000001,4,3,3,433,10,Otros
14903,21,5,2810.63,4,4,4,444,12,Campeones
14904,2,4,1640.64,5,3,4,534,12,Otros
14905,158,8,1971.39,3,4,4,344,11,Leales
14906,445,1,68.44,1,1,1,111,3,Necesitan atención
14907,3,16,6165.79,5,5,5,555,15,Campeones
14908,74,2,381.9,3,2,2,322,7,Necesitan atención
14909,437,3,1404.68,1,3,4,134,8,En riesgo
14910,3,4,434.35,5,3,2,532,10,Otros
14911,1,381,284055.08,5,5,5,555,15,Campeones
14912,17,6,1889.25,5,4,4,544,13,Campeones
14913,36,8,4073.13,4,4,5,445,13,Campeones
14915,91,11,1811.25,3,5,4,354,12,Leales
14916,71,8,3042.95,3,4,5,345,12,Leales
14917,597,2,1123.75,1,2,3,123,6,Necesitan atención
14918,116,9,5955.81,3,5,5,355,13,Leales
14919,539,1,359.35,1,1,2,112,4,Necesitan atención
14920,213,3,1607.17,2,3,4,234,9,En riesgo
14921,30,2,1316.07,4,2,4,424,10,Potenciales leales
14922,394,2,843.74,2,2,3,223,7,Necesitan atención
14923,51,1,749.1,4,1,3,413,8,Potenciales leales
14924,246,3,931.01,2,3,3,233,8,En riesgo
14926,382,2,359.4,2,2,2,222,6,Necesitan atención
14927,397,1,308.2,2,1,2,212,5,Necesitan atención
14928,628,1,223.91000000000003,1,1,1,111,3,Necesitan atención
14929,32,2,836.69,4,2,3,423,9,Potenciales leales
14930,109,6,5246.63,3,4,5,345,12,Leales
14931,5,4,964.6800000000001,5,3,3,533,11,Otros
14932,366,2,1029.66,2,2,3,223,7,Necesitan atención
14933,444,4,1770.0,1,3,4,134,8,En riesgo
14934,82,5,3503.5,3,4,5,345,12,Leales
14935,297,2,2849.83,2,2,4,224,8,Otros
14936,34,12,12410.81,4,5,5,455,14,Campeones
14937,57,3,1621.88,4,3,4,434,11,Otros
14938,562,2,2322.43,1,2,4,124,7,Otros
14940,418,2,531.49,1,2,2,122,5,Necesitan atención
14941,579,1,182.10000000000002,1,1,1,111,3,Necesitan atención
14942,402,4,746.56,2,3,3,233,8,En riesgo
14943,663,1,107.62,1,1,1,111,3,Necesitan atención
14944,30,19,9784.67,4,5,5,455,14,Campeones
14945,414,1,179.4,1,1,1,111,3,Necesitan atención
14946,14,1,100.9,5,1,1,511,7,Potenciales leales
14947,72,6,1049.79,3,4,3,343,10,Leales
14948,23,6,1101.97,4,4,3,443,11,Leales
14949,469,4,515.0,1,3,2,132,6,Necesitan atención
14950,19,1,371.2,5,1,2,512,8,Potenciales leales
14951,79,1,311.69,3,1,2,312,6,Necesitan atención
14952,60,32,17629.35,3,5,5,355,13,Leales
14953,25,4,1013.77,4,3,3,433,10,Otros
14954,12,2,503.44,5,2,2,522,9,Potenciales leales
14955,733,1,163.77,1,1,1,111,3,Necesitan atención
14957,253,2,333.29,2,2,2,222,6,Necesitan atención
14958,147,6,957.94,3,4,3,343,10,Leales
14959,64,4,695.42,3,3,3,333,9,Necesitan atención
14960,8,2,221.26999999999998,5,2,1,521,8,Potenciales leales
14961,11,22,16410.15,5,5,5,555,15,Campeones
14962,271,4,366.91,2,3,2,232,7,Necesitan atención
14963,10,12,3164.48,5,5,5,555,15,Campeones
14964,247,1,206.21,2,1,1,211,4,Necesitan atención
14965,96,2,599.0,3,2,2,322,7,Necesitan atención
14966,15,6,1115.84,5,4,3,543,12,Leales
14967,50,6,1982.6100000000001,4,4,4,444,12,Campeones
14968,30,2,504.99,4,2,2,422,8,Potenciales leales
14969,704,1,906.23,1,1,3,113,5,Necesitan atención
14970,68,12,4919.35,3,5,5,355,13,Leales
14971,35,3,1116.57,4,3,3,433,10,Otros
14972,128,2,145.07,3,2,1,321,6,Necesitan atención
14973,107,3,854.45,3,3,3,333,9,Necesitan atención
14974,37,1,114.39,4,1,1,411,6,Potenciales leales
14975,57,2,472.39,4,2,2,422,8,Potenciales leales
14976,57,7,790.86,4,4,3,443,11,Leales
14977,726,1,31.93,1,1,1,111,3,Necesitan atención
14978,72,10,3142.14,3,5,5,355,13,Leales
14979,735,1,439.46,1,1,2,112,4,Necesitan atención
14980,737,1,150.68,1,1,1,111,3,Necesitan atención
14981,246,2,372.92,2,2,2,222,6,Necesitan atención
14982,572,1,237.78,1,1,1,111,3,Necesitan atención
14983,689,1,183.20000000000002,1,1,1,111,3,Necesitan atención
14984,19,6,1271.41,5,4,4,544,13,Campeones
14985,198,2,296.75,2,2,2,222,6,Necesitan atención
14986,376,2,566.9,2,2,2,222,6,Necesitan atención
14987,16,8,1713.85,5,4,4,544,13,Campeones
14988,212,7,2066.6,2,4,4,244,10,En riesgo
14989,662,1,342.4,1,1,2,112,4,Necesitan atención
14990,612,2,305.42,1,2,2,122,5,Necesitan atención
14991,430,1,314.67,1,1,2,112,4,Necesitan atención
14992,442,1,210.5,1,1,1,111,3,Necesitan atención
14993,564,1,36.13,1,1,1,111,3,Necesitan atención
14994,382,5,960.63,2,4,3,243,9,En riesgo
14995,39,2,233.23000000000002,4,2,1,421,7,Potenciales leales
14996,481,2,442.29,1,2,2,122,5,Necesitan atención
14997,46,4,776.6,4,3,3,433,10,Otros
14998,170,4,770.73,3,3,3,333,9,Necesitan atención
14999,593,1,129.48,1,1,1,111,3,Necesitan atención
15000,48,1,490.52,4,1,2,412,7,Potenciales leales
15001,394,2,230.85999999999999,2,2,1,221,5,Necesitan atención
15002,116,9,4817.28,3,5,5,355,13,Leales
15003,473,6,1060.7,1,4,3,143,8,En riesgo
15004,147,1,1246.32,3,1,4,314,8,Otros
15005,16,56,14106.2,5,5,5,555,15,Campeones
15006,51,2,825.14,4,2,3,423,9,Potenciales leales
15007,159,1,156.91,3,1,1,311,5,Necesitan atención
15008,480,2,360.0,1,2,2,122,5,Necesitan atención
15009,12,3,1261.78,5,3,4,534,12,Otros
15010,36,1,308.94,4,1,2,412,7,Potenciales leales
15011,396,2,416.6,2,2,2,222,6,Necesitan atención
15012,54,3,860.62,4,3,3,433,10,Otros
15013,488,10,1641.3,1,5,4,154,10,En riesgo
15014,43,2,260.17,4,2,1,421,7,Potenciales leales
15015,501,13,2365.02,1,5,4,154,10,En riesgo
15016,173,5,630.3,3,4,3,343,10,Leales
15017,34,1,125.58,4,1,1,411,6,Potenciales leales
15018,39,3,607.46,4,3,2,432,9,Otros
15019,267,1,266.0,2,1,1,211,4,Necesitan atención
15020,379,1,203.42000000000002,2,1,1,211,4,Necesitan atención
15021,9,12,2783.83,5,5,4,554,14,Campeones
15022,12,5,1186.09,5,4,3,543,12,Leales
15023,3,20,12170.68,5,5,5,555,15,Campeones
15024,10,16,4075.51,5,5,5,555,15,Campeones
15025,33,2,1013.09,4,2,3,423,9,Potenciales leales
15026,80,5,1061.61,3,4,3,343,10,Leales
15027,31,10,2988.2400000000002,4,5,5,455,14,Campeones
15028,8,6,1157.71,5,4,3,543,12,Leales
15029,620,1,365.1,1,1,2,112,4,Necesitan atención
15030,72,8,1979.91,3,4,4,344,11,Leales
15031,4,14,3156.58,5,5,5,555,15,Campeones
15032,256,8,13780.65,2,4,5,245,11,En riesgo
15033,5,10,2586.67,5,5,4,554,14,Campeones
15034,16,14,8313.4,5,5,5,555,15,Campeones
15035,90,1,252.73000000000002,3,1,1,311,5,Necesitan atención
15036,72,3,465.55,3,3,2,332,8,Necesitan atención
15037,376,2,402.51,2,2,2,222,6,Necesitan atención
15038,59,9,1309.86,4,5,4,454,13,Campeones
15039,10,93,40031.43,5,5,5,555,15,Campeones
15040,542,1,7.49,1,1,1,111,3,Necesitan atención
15041,170,2,294.02,3,2,2,322,7,Necesitan atención
15042,199,2,315.45000000000005,2,2,2,222,6,Necesitan atención
15043,31,6,2873.8,4,4,4,444,12,Campeones
15044,19,35,16204.33,5,5,5,555,15,Campeones
15045,152,2,735.66,3,2,3,323,8,Necesitan atención
15046,9,25,7812.389999999999,5,5,5,555,15,Campeones
15047,270,1,343.62,2,1,2,212,5,Necesitan atención
15048,65,4,482.75,3,3,2,332,8,Necesitan atención
15049,274,1,121.17000000000002,2,1,1,211,4,Necesitan atención
15050,25,5,4193.79,4,4,5,445,13,Campeones
15051,23,9,3935.16,4,5,5,455,14,Campeones
15052,319,1,215.78,2,1,1,211,4,Necesitan atención
15053,5,3,697.79,5,3,3,533,11,Otros
15054,12,2,302.1,5,2,2,522,9,Potenciales leales
15055,475,3,560.07,1,3,2,132,6,Necesitan atención
15056,520,1,133.45,1,1,1,111,3,Necesitan atención
15057,275,5,3255.96,2,4,5,245,11,En riesgo
15058,25,16,3410.03,4,5,5,455,14,Campeones
15059,41,19,3523.57,4,5,5,455,14,Campeones
15060,8,4,303.09000000000003,5,3,2,532,10,Otros
15061,4,124,131433.88,5,5,5,555,15,Campeones
15062,71,8,2585.62,3,4,4,344,11,Leales
15063,213,1,370.79999999999995,2,1,2,212,5,Necesitan atención
15064,410,4,1254.41,2,3,4,234,9,En riesgo
15065,38,5,3326.86,4,4,5,445,13,Campeones
15066,53,1,893.59,4,1,3,413,8,Potenciales leales
15067,78,5,3877.88,3,4,5,345,12,Leales
15068,46,4,1176.85,4,3,3,433,10,Otros
15069,179,1,1109.53,3,1,3,313,7,Necesitan atención
15070,373,3,843.25,2,3,3,233,8,En riesgo
15071,94,4,1455.56,3,3,4,334,10,Otros
15072,479,1,187.52,1,1,1,111,3,Necesitan atención
15073,10,8,2788.02,5,4,4,544,13,Campeones
15074,105,3,1566.33,3,3,4,334,10,Otros
15075,78,1,773.03,3,1,3,313,7,Necesitan atención
15076,173,3,1447.74,3,3,4,334,10,Otros
15077,495,2,2428.08,1,2,4,124,7,Otros
15078,7,53,17761.88,5,5,5,555,15,Campeones
15079,213,11,3767.35,2,5,5,255,12,En riesgo
15080,428,2,546.25,1,2,2,122,5,Necesitan atención
15081,22,12,1965.72,4,5,4,454,13,Campeones
15082,669,1,93.35000000000001,1,1,1,111,3,Necesitan atención
15083,257,1,88.2,2,1,1,211,4,Necesitan atención
15084,380,2,965.1999999999999,2,2,3,223,7,Necesitan atención
15085,730,1,347.54,1,1,2,112,4,Necesitan atención
15086,565,2,218.53,1,2,1,121,4,Necesitan atención
15087,282,1,306.94,2,1,2,212,5,Necesitan atención
15088,21,2,1160.07,4,2,3,423,9,Potenciales leales
15089,10,6,2420.84,5,4,4,544,13,Campeones
15090,308,1,381.32,2,1,2,212,5,Necesitan atención
15091,68,3,1046.61,3,3,3,333,9,Necesitan atención
15092,215,3,776.46,2,3,3,233,8,En riesgo
15093,18,23,14205.15,5,5,5,555,15,Campeones
15094,463,2,83.0,1,2,1,121,4,Necesitan atención
15095,104,10,3141.64,3,5,5,355,13,Leales
15096,43,1,219.39000000000001,4,1,1,411,6,Potenciales leales
15097,4,3,908.35,5,3,3,533,11,Otros
15098,182,1,297.0,3,1,2,312,6,Necesitan atención
15099,84,1,410.48,3,1,2,312,6,Necesitan atención
15100,334,7,2894.7,2,4,4,244,10,En riesgo
15101,9,6,1477.94,5,4,4,544,13,Campeones
15102,531,2,554.67,1,2,2,122,5,Necesitan atención
15103,31,2,703.36,4,2,3,423,9,Potenciales leales
15104,197,2,1027.44,2,2,3,223,7,Necesitan atención
15105,18,9,3094.91,5,5,5,555,15,Campeones
15106,18,5,1422.52,5,4,4,544,13,Campeones
15107,311,9,940.35,2,5,3,253,10,En riesgo
15108,142,4,1300.25,3,3,4,334,10,Otros
15109,246,3,983.1,2,3,3,233,8,En riesgo
15110,24,6,1505.8500000000001,4,4,4,444,12,Campeones
15111,29,5,2730.87,4,4,4,444,12,Campeones
15112,611,1,209.4,1,1,1,111,3,Necesitan atención
15113,10,3,3609.33,5,3,5,535,13,Otros
15114,30,12,3400.12,4,5,5,455,14,Campeones
15115,18,2,531.85,5,2,2,522,9,Potenciales leales
15116,18,4,1352.75,5,3,4,534,12,Otros
15117,15,8,2293.97,5,4,4,544,13,Campeones
15119,246,1,266.4,2,1,1,211,4,Necesitan atención
15120,134,1,358.82,3,1,2,312,6,Necesitan atención
15121,50,2,457.72,4,2,2,422,8,Potenciales leales
15122,114,11,4497.47,3,5,5,355,13,Leales
15123,7,5,4656.17,5,4,5,545,14,Campeones
15124,23,4,450.82,4,3,2,432,9,Otros
15125,25,24,17024.87,4,5,5,455,14,Campeones
15126,537,2,449.49,1,2,2,122,5,Necesitan atención
15127,66,2,711.5,3,2,3,323,8,Necesitan atención
15128,60,5,1783.68,3,4,4,344,11,Leales
15129,50,23,6860.18,4,5,5,455,14,Campeones
15130,170,1,330.11,3,1,2,312,6,Necesitan atención
15131,395,1,80.28,2,1,1,211,4,Necesitan atención
15132,18,5,977.9300000000001,5,4,3,543,12,Leales
15133,128,5,1806.9,3,4,4,344,11,Leales
15134,15,10,1596.29,5,5,4,554,14,Campeones
15135,239,2,305.68,2,2,2,222,6,Necesitan atención
15136,3,4,1286.7,5,3,4,534,12,Otros
15137,521,2,823.4,1,2,3,123,6,Necesitan atención
15138,394,1,502.52,2,1,2,212,5,Necesitan atención
15139,240,2,178.96,2,2,1,221,5,Necesitan atención
15140,52,8,3243.69,4,4,5,445,13,Campeones
15141,458,7,1388.47,1,4,4,144,9,En riesgo
15142,46,6,2619.92,4,4,4,444,12,Campeones
15143,226,2,563.63,2,2,2,222,6,Necesitan atención
15144,8,29,12160.31,5,5,5,555,15,Campeones
15145,4,4,1194.73,5,3,3,533,11,Otros
15146,165,2,1327.16,3,2,4,324,9,Otros
15147,240,1,623.5,2,1,3,213,6,Necesitan atención
15148,11,1,301.29,5,1,2,512,8,Potenciales leales
15149,134,5,1554.6100000000001,3,4,4,344,11,Leales
15150,17,13,9001.08,5,5,5,555,15,Campeones
15151,423,2,1495.61,1,2,4,124,7,Otros
15152,10,14,5263.83,5,5,5,555,15,Campeones
15153,31,1,329.25,4,1,2,412,7,Potenciales leales
15154,75,3,1388.41,3,3,4,334,10,Otros
15155,383,1,383.96999999999997,2,1,2,212,5,Necesitan atención
15156,1,3,961.49,5,3,3,533,11,Otros
15157,4,5,2654.11,5,4,4,544,13,Campeones
15158,45,2,441.02000000000004,4,2,2,422,8,Potenciales leales
15159,2,34,22116.73,5,5,5,555,15,Campeones
15160,357,4,589.27,2,3,2,232,7,Necesitan atención
15161,388,1,119.92,2,1,1,211,4,Necesitan atención
15162,731,1,312.9,1,1,2,112,4,Necesitan atención
15163,18,2,304.47,5,2,2,522,9,Potenciales leales
15164,69,9,2068.92,3,5,4,354,12,Leales
15165,373,1,975.5,2,1,3,213,6,Necesitan atención
15166,468,1,167.16,1,1,1,111,3,Necesitan atención
15167,321,5,1659.67,2,4,4,244,10,En riesgo
15168,26,1,106.56,4,1,1,411,6,Potenciales leales
15169,382,2,569.22,2,2,2,222,6,Necesitan atención
15170,407,1,81.15,2,1,1,211,4,Necesitan atención
15171,331,1,1289.5,2,1,4,214,7,Otros
15172,9,5,1624.05,5,4,4,544,13,Campeones
15173,381,7,1494.6,2,4,4,244,10,En riesgo
15174,323,2,481.46,2,2,2,222,6,Necesitan atención
15175,72,1,224.14,3,1,1,311,5,Necesitan atención
15176,668,1,988.0400000000001,1,1,3,113,5,Necesitan atención
15177,426,1,948.9300000000001,1,1,3,113,5,Necesitan atención
15178,260,1,40.5,2,1,1,211,4,Necesitan atención
15179,18,13,7491.92,5,5,5,555,15,Campeones
15180,367,3,904.4300000000001,2,3,3,233,8,En riesgo
15181,66,5,1200.2,3,4,3,343,10,Leales
15182,154,11,2998.952,3,5,5,355,13,Leales
15183,548,3,639.93,1,3,3,133,7,En riesgo
15184,29,4,689.95,4,3,3,433,10,Otros
15185,70,1,310.62,3,1,2,312,6,Necesitan atención
15186,14,5,1403.2,5,4,4,544,13,Campeones
15187,2,16,4777.18,5,5,5,555,15,Campeones
15188,725,1,310.43,1,1,2,112,4,Necesitan atención
15189,1,46,17524.38,5,5,5,555,15,Campeones
15190,434,1,834.4399999999999,1,1,3,113,5,Necesitan atención
15191,463,3,588.05,1,3,2,132,6,Necesitan atención
15192,120,5,1981.39,3,4,4,344,11,Leales
15193,61,1,499.32,3,1,2,312,6,Necesitan atención
15194,3,28,12427.69,5,5,5,555,15,Campeones
15196,433,2,316.25,1,2,2,122,5,Necesitan atención
15197,11,6,1877.51,5,4,4,544,13,Campeones
15198,92,5,571.35,3,4,2,342,9,Leales
15199,59,10,3122.4,4,5,5,455,14,Campeones
15200,495,1,549.0500000000001,1,1,2,112,4,Necesitan atención
15201,87,7,1842.95,3,4,4,344,11,Leales
15203,26,15,4400.18,4,5,5,455,14,Campeones
15204,357,1,316.58,2,1,2,212,5,Necesitan atención
15205,85,2,653.24,3,2,3,323,8,Necesitan atención
15206,10,4,420.3,5,3,2,532,10,Otros
15207,416,3,683.92,1,3,3,133,7,En riesgo
15208,1,6,970.52,5,4,3,543,12,Leales
15209,730,1,178.98000000000002,1,1,1,111,3,Necesitan atención
15210,225,3,1176.19,2,3,3,233,8,En riesgo
15211,60,2,1277.48,3,2,4,324,9,Otros
15212,241,2,208.28,2,2,1,221,5,Necesitan atención
15213,319,2,328.35,2,2,2,222,6,Necesitan atención
15214,2,8,1661.44,5,4,4,544,13,Campeones
15215,47,7,2422.43,4,4,4,444,12,Campeones
15216,88,2,486.09,3,2,2,322,7,Necesitan atención
15217,563,1,426.24,1,1,2,112,4,Necesitan atención
15218,11,22,11516.57,5,5,5,555,15,Campeones
15219,176,2,685.45,3,2,3,323,8,Necesitan atención
15220,52,6,1778.96,4,4,4,444,12,Campeones
15221,366,4,2465.45,2,3,4,234,9,En riesgo
15222,319,11,3550.91,2,5,5,255,12,En riesgo
15223,226,5,1417.95,2,4,4,244,10,En riesgo
15224,358,5,871.36,2,4,3,243,9,En riesgo
15225,234,1,409.40000000000003,2,1,2,212,5,Necesitan atención
15226,311,1,154.41,2,1,1,211,4,Necesitan atención
15227,37,9,2488.4900000000002,4,5,4,454,13,Campeones
15228,66,6,5580.27,3,4,5,345,12,Leales
15229,586,1,160.5,1,1,1,111,3,Necesitan atención
15230,239,2,429.6,2,2,2,222,6,Necesitan atención
15231,621,1,250.26000000000002,1,1,1,111,3,Necesitan atención
15232,113,2,612.06,3,2,2,322,7,Necesitan atención
15233,401,1,59.400000000000006,2,1,1,211,4,Necesitan atención
15234,277,1,197.0,2,1,1,211,4,Necesitan atención
15235,218,16,2937.81,2,5,5,255,12,En riesgo
15236,299,1,321.05,2,1,2,212,5,Necesitan atención
15237,2,4,1412.32,5,3,4,534,12,Otros
15238,29,3,1071.99,4,3,3,433,10,Otros
15239,10,2,780.59,5,2,3,523,10,Potenciales leales
15240,45,12,4459.9800000000005,4,5,5,455,14,Campeones
15241,67,11,3050.16,3,5,5,355,13,Leales
15242,422,1,302.04,1,1,2,112,4,Necesitan atención
15243,74,2,927.28,3,2,3,323,8,Necesitan atención
15244,65,3,912.08,3,3,3,333,9,Necesitan atención
15245,134,8,4610.84,3,4,5,345,12,Leales
15246,238,3,780.4,2,3,3,233,8,En riesgo
15247,122,3,976.06,3,3,3,333,9,Necesitan atención
15248,411,3,1893.93,1,3,4,134,8,En riesgo
15249,32,18,9266.0,4,5,5,455,14,Campeones
15250,641,1,60.0,1,1,1,111,3,Necesitan atención
15251,9,21,20324.54,5,5,5,555,15,Campeones
15252,36,5,2103.41,4,4,4,444,12,Campeones
15253,16,8,2055.09,5,4,4,544,13,Campeones
15254,127,3,1088.35,3,3,3,333,9,Necesitan atención
15255,67,9,3729.42,3,5,5,355,13,Leales
15256,149,2,170.4,3,2,1,321,6,Necesitan atención
15257,283,2,520.9,2,2,2,222,6,Necesitan atención
15258,169,2,623.16,3,2,3,323,8,Necesitan atención
15259,513,4,887.38,1,3,3,133,7,En riesgo
15260,100,25,9188.23,3,5,5,355,13,Leales
15261,135,4,1508.0,3,3,4,334,10,Otros
15262,324,3,418.82,2,3,2,232,7,Necesitan atención
15263,107,1,156.51,3,1,1,311,5,Necesitan atención
15264,64,2,848.4,3,2,3,323,8,Necesitan atención
15265,151,4,3345.64,3,3,5,335,11,Otros
15266,338,5,852.21,2,4,3,243,9,En riesgo
15267,22,5,1717.36,4,4,4,444,12,Campeones
15268,479,3,961.9000000000001,1,3,3,133,7,En riesgo
15269,24,3,1225.36,4,3,3,433,10,Otros
15270,16,21,8524.86,5,5,5,555,15,Campeones
15271,7,24,4709.54,5,5,5,555,15,Campeones
15272,57,6,2085.48,4,4,4,444,12,Campeones
15273,600,1,228.96,1,1,1,111,3,Necesitan atención
15274,4,2,716.57,5,2,3,523,10,Potenciales leales
15275,38,1,615.14,4,1,3,413,8,Potenciales leales
15276,66,4,649.53,3,3,3,333,9,Necesitan atención
15277,47,2,476.34,4,2,2,422,8,Potenciales leales
15278,562,4,496.16,1,3,2,132,6,Necesitan atención
15279,355,5,1580.54,2,4,4,244,10,En riesgo
15280,172,3,406.21999999999997,3,3,2,332,8,Necesitan atención
15281,59,16,8543.57,4,5,5,455,14,Campeones
15282,570,1,348.59,1,1,2,112,4,Necesitan atención
15283,390,3,148.32999999999998,2,3,1,231,6,Necesitan atención
15284,500,1,24.75,1,1,1,111,3,Necesitan atención
15285,408,1,94.91999999999999,2,1,1,211,4,Necesitan atención
15286,50,1,240.55,4,1,1,411,6,Potenciales leales
15287,22,5,856.03,4,4,3,443,11,Leales
15288,43,10,3883.13,4,5,5,455,14,Campeones
15289,29,5,1593.09,4,4,4,444,12,Campeones
15290,5,26,10496.28,5,5,5,555,15,Campeones
15291,26,40,13846.56,4,5,5,455,14,Campeones
15292,201,1,180.94,2,1,1,211,4,Necesitan atención
15293,666,1,247.5,1,1,1,111,3,Necesitan atención
15294,411,1,233.35000000000002,1,1,1,111,3,Necesitan atención
15295,654,1,217.23999999999998,1,1,1,111,3,Necesitan atención
15296,51,12,10342.83,4,5,5,455,14,Campeones
15297,10,3,641.94,5,3,3,533,11,Otros
15298,2,23,9459.37,5,5,5,555,15,Campeones
15299,67,8,5385.139999999999,3,4,5,345,12,Leales
15300,64,1,496.44,3,1,2,312,6,Necesitan atención
15301,51,17,7603.4400000000005,4,5,5,455,14,Campeones
15302,730,1,308.0,1,1,2,112,4,Necesitan atención
15303,290,3,1224.18,2,3,3,233,8,En riesgo
15304,61,9,919.5500000000001,3,5,3,353,11,Leales
15305,555,1,93.6,1,1,1,111,3,Necesitan atención
15306,64,9,3484.73,3,5,5,355,13,Leales
15307,96,1,205.3,3,1,1,311,5,Necesitan atención
15308,274,1,310.47,2,1,2,212,5,Necesitan atención
15309,611,4,797.96,1,3,3,133,7,En riesgo
15310,479,1,1634.64,1,1,4,114,6,Otros
15311,1,208,116639.16,5,5,5,555,15,Campeones
15312,75,12,2930.19,3,5,5,355,13,Leales
15313,110,1,52.0,3,1,1,311,5,Necesitan atención
15314,199,3,820.45,2,3,3,233,8,En riesgo
15315,64,2,570.5,3,2,2,322,7,Necesitan atención
15316,327,1,165.0,2,1,1,211,4,Necesitan atención
15317,677,1,129.75,1,1,1,111,3,Necesitan atención
15318,4,1,312.62,5,1,2,512,8,Potenciales leales
15319,284,1,204.5,2,1,1,211,4,Necesitan atención
15320,44,1,267.13,4,1,1,411,6,Potenciales leales
15321,71,12,6709.7300000000005,3,5,5,355,13,Leales
15322,86,2,1390.86,3,2,4,324,9,Otros
15323,563,3,434.6,1,3,2,132,6,Necesitan atención
15324,701,1,140.22000000000003,1,1,1,111,3,Necesitan atención
15325,104,8,1602.01,3,4,4,344,11,Leales
15326,334,5,1700.52,2,4,4,244,10,En riesgo
15327,53,1,208.75,4,1,1,411,6,Potenciales leales
15328,408,1,107.24000000000001,2,1,1,211,4,Necesitan atención
15329,39,11,2984.33,4,5,5,455,14,Campeones
15330,32,2,714.96,4,2,3,423,9,Potenciales leales
15331,500,3,767.91,1,3,3,133,7,En riesgo
15332,366,6,6553.74,2,4,5,245,11,En riesgo
15333,208,1,1028.56,2,1,3,213,6,Necesitan atención
15334,157,3,351.67,3,3,2,332,8,Necesitan atención
15335,54,1,173.97,4,1,1,411,6,Potenciales leales
15336,402,1,240.5,2,1,1,211,4,Necesitan atención
15337,411,1,373.02,1,1,2,112,4,Necesitan atención
15338,677,1,283.43,1,1,1,111,3,Necesitan atención
15339,66,7,1827.84,3,4,4,344,11,Leales
15340,562,1,105.5,1,1,1,111,3,Necesitan atención
15341,81,2,2402.72,3,2,4,324,9,Otros
15342,130,1,406.09000000000003,3,1,2,312,6,Necesitan atención
15343,87,1,364.5,3,1,2,312,6,Necesitan atención
15344,1,3,563.94,5,3,2,532,10,Otros
15345,46,1,393.54,4,1,2,412,7,Potenciales leales
15346,333,3,596.12,2,3,2,232,7,Necesitan atención
15347,366,4,1363.6,2,3,4,234,9,En riesgo
15348,72,1,158.04,3,1,1,311,5,Necesitan atención
15349,158,2,473.81,3,2,2,322,7,Necesitan atención
15350,373,2,663.25,2,2,3,223,7,Necesitan atención
15351,12,10,3738.29,5,5,5,555,15,Campeones
15352,549,1,114.95,1,1,1,111,3,Necesitan atención
15353,255,7,3175.95,2,4,5,245,11,En riesgo
15354,603,3,284.4,1,3,1,131,5,Necesitan atención
15355,29,2,277.05,4,2,1,421,7,Potenciales leales
15356,31,13,3464.95,4,5,5,455,14,Campeones
15358,5,42,17050.41,5,5,5,555,15,Campeones
15359,663,8,181.35,1,4,1,141,6,Otros
15360,40,1,427.93,4,1,2,412,7,Potenciales leales
15361,362,4,689.07,2,3,3,233,8,En riesgo
15362,449,2,613.08,1,2,3,123,6,Necesitan atención
15363,373,2,1004.11,2,2,3,223,7,Necesitan atención
15364,96,2,913.19,3,2,3,323,8,Necesitan atención
15365,26,13,4557.13,4,5,5,455,14,Campeones
15366,75,7,2389.08,3,4,4,344,11,Leales
15367,57,11,5081.33,4,5,5,455,14,Campeones
15368,21,2,722.74,4,2,3,423,9,Potenciales leales
15369,492,11,6251.26,1,5,5,155,11,En riesgo
15370,41,8,3739.01,4,4,5,445,13,Campeones
15371,662,1,59.400000000000006,1,1,1,111,3,Necesitan atención
15372,137,8,6017.06,3,4,5,345,12,Leales
15373,8,17,3421.39,5,5,5,555,15,Campeones
15374,129,2,307.32,3,2,2,322,7,Necesitan atención
15375,690,1,60.96,1,1,1,111,3,Necesitan atención
15376,40,3,1233.36,4,3,4,434,11,Otros
15377,383,4,1211.75,2,3,3,233,8,En riesgo
15378,463,2,246.5,1,2,1,121,4,Necesitan atención
15379,169,8,4877.84,3,4,5,345,12,Leales
15380,9,11,3479.06,5,5,5,555,15,Campeones
15381,214,5,1890.57,2,4,4,244,10,En riesgo
15382,15,12,13733.550000000001,5,5,5,555,15,Campeones
15384,170,4,2027.79,3,3,4,334,10,Otros
15385,40,3,942.08,4,3,3,433,10,Otros
15386,186,1,394.14,3,1,2,312,6,Necesitan atención
15387,492,1,468.65,1,1,2,112,4,Necesitan atención
15388,270,1,140.54,2,1,1,211,4,Necesitan atención
15389,172,4,1625.0,3,3,4,334,10,Otros
15390,396,2,1216.66,2,2,3,223,7,Necesitan atención
15391,584,1,289.87,1,1,2,112,4,Necesitan atención
15392,5,7,2911.62,5,4,5,545,14,Campeones
15393,16,5,891.34,5,4,3,543,12,Leales
15394,10,11,5286.8,5,5,5,555,15,Campeones
15395,326,1,107.45,2,1,1,211,4,Necesitan atención
15396,113,2,796.3800000000001,3,2,3,323,8,Necesitan atención
15397,290,1,94.0,2,1,1,211,4,Necesitan atención
15398,16,2,1345.53,5,2,4,524,11,Potenciales leales
15399,1,3,815.77,5,3,3,533,11,Otros
15400,92,8,1302.3,3,4,4,344,11,Leales
15401,452,2,216.95000000000002,1,2,1,121,4,Necesitan atención
15402,149,6,1830.54,3,4,4,344,11,Leales
15403,492,2,170.88,1,2,1,121,4,Necesitan atención
15404,376,1,257.06,2,1,1,211,4,Necesitan atención
15405,189,2,659.84,2,2,3,223,7,Necesitan atención
15406,31,4,975.87,4,3,3,433,10,Otros
15407,34,4,861.44,4,3,3,433,10,Otros
15408,264,1,267.18,2,1,1,211,4,Necesitan atención
15409,721,1,131.25,1,1,1,111,3,Necesitan atención
15410,84,10,4685.72,3,5,5,355,13,Leales
15411,26,4,1358.88,4,3,4,434,11,Otros
15412,171,1,190.53,3,1,1,311,5,Necesitan atención
15413,692,5,6798.72,1,4,5,145,10,En riesgo
15414,10,3,774.9000000000001,5,3,3,533,11,Otros
15415,313,1,572.8100000000001,2,1,2,212,5,Necesitan atención
15416,65,7,4572.82,3,4,5,345,12,Leales
15417,85,1,508.8,3,1,2,312,6,Necesitan atención
15418,425,2,452.32,1,2,2,122,5,Necesitan atención
15419,25,1,135.85999999999999,4,1,1,411,6,Potenciales leales
15420,434,6,743.0,1,4,3,143,8,En riesgo
15421,59,10,3805.34,4,5,5,455,14,Campeones
15422,323,7,1619.97,2,4,4,244,10,En riesgo
15423,38,3,266.89,4,3,1,431,8,Otros
15424,254,3,597.78,2,3,2,232,7,Necesitan atención
15425,400,4,1944.57,2,3,4,234,9,En riesgo
15426,19,9,2615.39,5,5,4,554,14,Campeones
15427,33,3,1483.14,4,3,4,434,11,Otros
15428,15,4,762.75,5,3,3,533,11,Otros
15429,27,2,397.35,4,2,2,422,8,Potenciales leales
15430,468,2,954.75,1,2,3,123,6,Necesitan atención
15431,503,1,153.24,1,1,1,111,3,Necesitan atención
15432,23,2,320.76,4,2,2,422,8,Potenciales leales
15433,214,2,533.3,2,2,2,222,6,Necesitan atención
15434,8,11,2567.06,5,5,4,554,14,Campeones
15435,22,1,149.29,4,1,1,411,6,Potenciales leales
15436,12,3,1122.53,5,3,3,533,11,Otros
15437,262,2,393.45,2,2,2,222,6,Necesitan atención
15438,131,1,156.58,3,1,1,311,5,Necesitan atención
15439,405,4,1269.05,2,3,4,234,9,En riesgo
15440,55,3,383.68,4,3,2,432,9,Otros
15441,396,3,1254.21,2,3,4,234,9,En riesgo
15442,249,1,594.0,2,1,2,212,5,Necesitan atención
15443,2,14,5175.93,5,5,5,555,15,Campeones
15444,9,2,1418.26,5,2,4,524,11,Potenciales leales
15445,264,2,284.5,2,2,1,221,5,Necesitan atención
15446,377,3,406.95,2,3,2,232,7,Necesitan atención
15447,331,5,492.88,2,4,2,242,8,Otros
15448,313,2,788.81,2,2,3,223,7,Necesitan atención
15449,26,3,974.52,4,3,3,433,10,Otros
15450,30,1,429.84000000000003,4,1,2,412,7,Potenciales leales
15451,434,2,233.21,1,2,1,121,4,Necesitan atención
15452,30,6,1799.1100000000001,4,4,4,444,12,Campeones
15453,2,7,1388.37,5,4,4,544,13,Campeones
15454,362,2,307.69,2,2,2,222,6,Necesitan atención
15455,598,1,38.25,1,1,1,111,3,Necesitan atención
15456,283,10,2119.27,2,5,4,254,11,En riesgo
15457,262,1,237.07,2,1,1,211,4,Necesitan atención
15458,25,2,370.44,4,2,2,422,8,Potenciales leales
15459,417,2,202.83,1,2,1,121,4,Necesitan atención
15460,354,1,216.76,2,1,1,211,4,Necesitan atención
15461,461,2,429.7,1,2,2,122,5,Necesitan atención
15462,94,4,737.05,3,3,3,333,9,Necesitan atención
15463,29,1,126.14,4,1,1,411,6,Potenciales leales
15464,338,1,1048.85,2,1,3,213,6,Necesitan atención
15465,20,32,12655.65,4,5,5,455,14,Campeones
15466,85,4,1571.01,3,3,4,334,10,Otros
15467,9,3,524.88,5,3,2,532,10,Otros
15468,51,3,1430.48,4,3,4,434,11,Otros
15469,50,3,874.25,4,3,3,433,10,Otros
15470,576,1,63.42,1,1,1,111,3,Necesitan atención
15471,2,3,1316.56,5,3,4,534,12,Otros
15472,113,1,371.56,3,1,2,312,6,Necesitan atención
15473,14,8,2046.0,5,4,4,544,13,Campeones
15474,596,1,163.1,1,1,1,111,3,Necesitan atención
15475,77,1,454.11,3,1,2,312,6,Necesitan atención
15476,380,4,2209.98,2,3,4,234,9,En riesgo
15477,650,1,368.4,1,1,2,112,4,Necesitan atención
15478,40,3,2024.98,4,3,4,434,11,Otros
15479,733,1,147.4,1,1,1,111,3,Necesitan atención
15480,116,3,3592.25,3,3,5,335,11,Otros
15481,401,1,1993.34,2,1,4,214,7,Otros
15482,16,19,14592.56,5,5,5,555,15,Campeones
15483,161,10,862.2,3,5,3,353,11,Leales
15484,1,6,4656.0,5,4,5,545,14,Campeones
15485,30,7,5771.51,4,4,5,445,13,Campeones
15486,527,1,102.0,1,1,1,111,3,Necesitan atención
15487,680,1,231.32,1,1,1,111,3,Necesitan atención
15488,93,5,431.92,3,4,2,342,9,Leales
15489,23,8,2419.61,4,4,4,444,12,Campeones
15490,430,1,217.60000000000002,1,1,1,111,3,Necesitan atención
15491,95,6,3100.09,3,4,5,345,12,Leales
15492,28,2,659.46,4,2,3,423,9,Potenciales leales
15493,33,9,4314.9800000000005,4,5,5,455,14,Campeones
15494,21,5,3780.05,4,4,5,445,13,Campeones
15495,379,1,246.5,2,1,1,211,4,Necesitan atención
15496,631,1,146.14,1,1,1,111,3,Necesitan atención
15497,18,9,8657.39,5,5,5,555,15,Campeones
15498,3,44,26039.58,5,5,5,555,15,Campeones
15499,724,1,161.6,1,1,1,111,3,Necesitan atención
15500,8,4,1131.56,5,3,3,533,11,Otros
15501,405,2,402.5,2,2,2,222,6,Necesitan atención
15502,16,13,10837.52,5,5,5,555,15,Campeones
15503,363,2,267.15,2,2,1,221,5,Necesitan atención
15504,81,4,423.85,3,3,2,332,8,Necesitan atención
15505,53,5,3610.96,4,4,5,445,13,Campeones
15506,23,6,2040.03,4,4,4,444,12,Campeones
15507,172,1,492.36,3,1,2,312,6,Necesitan atención
15508,189,6,1000.27,2,4,3,243,9,En riesgo
15509,380,1,166.51,2,1,1,211,4,Necesitan atención
15510,331,1,250.0,2,1,1,211,4,Necesitan atención
15511,12,5,909.23,5,4,3,543,12,Leales
15512,156,4,331.58,3,3,2,332,8,Necesitan atención
15513,33,34,26995.55,4,5,5,455,14,Campeones
15514,12,18,6598.55,5,5,5,555,15,Campeones
15515,387,1,171.81,2,1,1,211,4,Necesitan atención
15516,45,3,62.43,4,3,1,431,8,Otros
15517,233,1,267.03,2,1,1,211,4,Necesitan atención
15518,64,15,4218.94,3,5,5,355,13,Leales
15519,383,2,344.61,2,2,2,222,6,Necesitan atención
15520,2,1,343.5,5,1,2,512,8,Potenciales leales
15521,40,16,7106.69,4,5,5,455,14,Campeones
15522,33,2,398.84000000000003,4,2,2,422,8,Potenciales leales
15523,84,16,17359.99,3,5,5,355,13,Leales
15524,25,2,591.4,4,2,2,422,8,Potenciales leales
15525,2,4,1295.7,5,3,4,534,12,Otros
15526,33,2,148.44,4,2,1,421,7,Potenciales leales
15527,19,23,5575.64,5,5,5,555,15,Campeones
15528,254,1,229.33,2,1,1,211,4,Necesitan atención
15529,23,12,5111.95,4,5,5,455,14,Campeones
15530,22,5,1813.72,4,4,4,444,12,Campeones
15531,8,2,2007.44,5,2,4,524,11,Potenciales leales
15532,25,10,3771.9,4,5,5,455,14,Campeones
15533,19,3,807.5699999999999,5,3,3,533,11,Otros
15534,726,1,162.25,1,1,1,111,3,Necesitan atención
15535,173,6,1087.82,3,4,3,343,10,Leales
15536,409,1,259.09,2,1,1,211,4,Necesitan atención
15537,163,1,110.92,3,1,1,311,5,Necesitan atención
15538,538,6,3358.4,1,4,5,145,10,En riesgo
15539,7,1,538.46,5,1,2,512,8,Potenciales leales
15540,11,2,460.68,5,2,2,522,9,Potenciales leales
15541,114,1,85.13000000000001,3,1,1,311,5,Necesitan atención
15542,512,3,918.45,1,3,3,133,7,En riesgo
15543,288,2,242.84,2,2,1,221,5,Necesitan atención
15544,9,20,8162.43,5,5,5,555,15,Campeones
15545,54,2,428.05,4,2,2,422,8,Potenciales leales
15546,607,2,1079.1,1,2,3,123,6,Necesitan atención
15547,7,26,10154.39,5,5,5,555,15,Campeones
15548,596,1,158.09,1,1,1,111,3,Necesitan atención
15549,77,8,2345.96,3,4,4,344,11,Leales
15550,4,12,2218.8,5,5,4,554,14,Campeones
15551,37,7,1710.08,4,4,4,444,12,Campeones
15552,217,2,252.52,2,2,1,221,5,Necesitan atención
15553,60,1,437.23,3,1,2,312,6,Necesitan atención
15554,278,1,217.2,2,1,1,211,4,Necesitan atención
15555,12,36,12112.35,5,5,5,555,15,Campeones
15556,24,1,279.77,4,1,1,411,6,Potenciales leales
15557,29,1,473.65,4,1,2,412,7,Potenciales leales
15558,639,1,214.13000000000002,1,1,1,111,3,Necesitan atención
15559,568,1,1109.4,1,1,3,113,5,Necesitan atención
15560,398,2,153.52,2,2,1,221,5,Necesitan atención
15561,12,8,1934.3899999999999,5,4,4,544,13,Campeones
15562,352,3,673.38,2,3,3,233,8,En riesgo
15563,22,7,2867.0,4,4,4,444,12,Campeones
15564,463,2,70.74000000000001,1,2,1,121,4,Necesitan atención
15565,50,2,173.16000000000003,4,2,1,421,7,Potenciales leales
15566,393,2,227.87,2,2,1,221,5,Necesitan atención
15567,19,1,186.01,5,1,1,511,7,Potenciales leales
15568,3,3,758.29,5,3,3,533,11,Otros
15569,104,10,3586.35,3,5,5,355,13,Leales
15570,7,25,9311.04,5,5,5,555,15,Campeones
15571,12,14,4051.63,5,5,5,555,15,Campeones
15572,5,10,3873.67,5,5,5,555,15,Campeones
15573,32,5,1207.18,4,4,3,443,11,Leales
15574,178,6,1518.7,3,4,4,344,11,Leales
15575,620,1,30.1,1,1,1,111,3,Necesitan atención
15576,38,1,940.67,4,1,3,413,8,Potenciales leales
15577,151,5,397.98,3,4,2,342,9,Leales
15578,162,1,127.10000000000001,3,1,1,311,5,Necesitan atención
15579,69,5,1302.5,3,4,4,344,11,Leales
15580,377,8,1381.19,2,4,4,244,10,En riesgo
15581,156,35,4836.25,3,5,5,355,13,Leales
15582,25,3,682.9100000000001,4,3,3,433,10,Otros
15583,376,1,107.86,2,1,1,211,4,Necesitan atención
15584,24,6,1277.5,4,4,4,444,12,Campeones
15585,177,1,455.3,3,1,2,312,6,Necesitan atención
15586,593,3,1139.1,1,3,3,133,7,En riesgo
15587,50,7,1522.08,4,4,4,444,12,Campeones
15588,678,1,579.6,1,1,2,112,4,Necesitan atención
15589,256,3,478.53,2,3,2,232,7,Necesitan atención
15590,382,5,1496.6,2,4,4,244,10,En riesgo
15591,583,3,217.9,1,3,1,131,5,Necesitan atención
15592,47,1,388.58,4,1,2,412,7,Potenciales leales
15593,71,1,199.8,3,1,1,311,5,Necesitan atención
15594,16,5,1771.78,5,4,4,544,13,Campeones
15595,488,1,357.59999999999997,1,1,2,112,4,Necesitan atención
15596,101,9,3130.04,3,5,5,355,13,Leales
15597,35,2,563.37,4,2,2,422,8,Potenciales leales
15598,53,2,548.02,4,2,2,422,8,Potenciales leales
15599,27,3,1250.06,4,3,4,434,11,Otros
15600,428,4,1199.31,1,3,3,133,7,En riesgo
15601,11,30,14960.12,5,5,5,555,15,Campeones
15602,8,16,3230.51,5,5,5,555,15,Campeones
15603,79,2,88.48,3,2,1,321,6,Necesitan atención
15604,52,1,216.39000000000001,4,1,1,411,6,Potenciales leales
15605,36,9,1936.8,4,5,4,454,13,Campeones
15606,61,17,5230.99,3,5,5,355,13,Leales
15607,337,9,1708.97,2,5,4,254,11,En riesgo
15608,28,5,1785.98,4,4,4,444,12,Campeones
15609,184,1,298.48,3,1,2,312,6,Necesitan atención
15610,52,1,112.46000000000001,4,1,1,411,6,Potenciales leales
15611,10,26,2997.28,5,5,5,555,15,Campeones
15612,36,2,195.15,4,2,1,421,7,Potenciales leales
15613,610,1,433.71999999999997,1,1,2,112,4,Necesitan atención
15614,438,4,3147.36,1,3,5,135,9,En riesgo
15615,10,47,21373.97,5,5,5,555,15,Campeones
15616,438,1,317.11,1,1,2,112,4,Necesitan atención
15617,396,3,828.5500000000001,2,3,3,233,8,En riesgo
15618,33,4,776.851,4,3,3,433,10,Otros
15619,11,1,336.4,5,1,2,512,8,Potenciales leales
15620,57,4,1942.36,4,3,4,434,11,Otros
15621,4,4,1293.03,5,3,4,534,12,Otros
15622,43,17,7852.610000000001,4,5,5,455,14,Campeones
15623,141,8,2437.05,3,4,4,344,11,Leales
15624,117,4,588.13,3,3,2,332,8,Necesitan atención
15625,104,9,3236.4,3,5,5,355,13,Leales
15626,75,3,1067.52,3,3,3,333,9,Necesitan atención
15627,457,2,566.9,1,2,2,122,5,Necesitan atención
15628,5,17,5652.26,5,5,5,555,15,Campeones
15629,450,4,2240.9,1,3,4,134,8,En riesgo
15630,45,3,1481.4,4,3,4,434,11,Otros
15631,642,1,596.67,1,1,2,112,4,Necesitan atención
15632,16,8,3285.31,5,4,5,545,14,Campeones
15633,509,13,4352.46,1,5,5,155,11,En riesgo
15634,17,2,554.65,5,2,2,522,9,Potenciales leales
15635,396,1,100.35,2,1,1,211,4,Necesitan atención
15636,90,4,1444.5800000000002,3,3,4,334,10,Otros
15637,53,5,797.59,4,4,3,443,11,Leales
15638,379,6,2265.2,2,4,4,244,10,En riesgo
15639,134,3,1065.08,3,3,3,333,9,Necesitan atención
15640,4,29,23957.58,5,5,5,555,15,Campeones
15641,105,12,5345.55,3,5,5,355,13,Leales
15642,730,1,105.78,1,1,1,111,3,Necesitan atención
15643,192,3,664.0,2,3,3,233,8,En riesgo
15644,166,4,813.0,3,3,3,333,9,Necesitan atención
15645,19,3,1055.17,5,3,3,533,11,Otros
15646,158,5,974.61,3,4,3,343,10,Leales
15647,415,1,169.0,1,1,1,111,3,Necesitan atención
15648,204,2,657.35,2,2,3,223,7,Necesitan atención
15649,336,4,2170.35,2,3,4,234,9,En riesgo
15650,522,2,553.88,1,2,2,122,5,Necesitan atención
15651,37,5,1259.06,4,4,4,444,12,Campeones
15652,91,5,1420.34,3,4,4,344,11,Leales
15653,116,1,48.0,3,1,1,311,5,Necesitan atención
15654,9,2,922.53,5,2,3,523,10,Potenciales leales
15655,243,1,560.6700000000001,2,1,2,212,5,Necesitan atención
15656,45,4,748.5,4,3,3,433,10,Otros
15657,23,1,30.0,4,1,1,411,6,Potenciales leales
15658,190,8,2423.4700000000003,2,4,4,244,10,En riesgo
15659,44,3,532.49,4,3,2,432,9,Otros
15660,25,15,2812.9900000000002,4,5,4,454,13,Campeones
15661,317,8,1215.95,2,4,3,243,9,En riesgo
15662,661,2,283.73,1,2,1,121,4,Necesitan atención
15663,106,1,138.14,3,1,1,311,5,Necesitan atención
15664,51,4,1254.03,4,3,4,434,11,Otros
15665,168,5,4015.12,3,4,5,345,12,Leales
15666,472,2,632.94,1,2,3,123,6,Necesitan atención
15667,40,1,301.32000000000005,4,1,2,412,7,Potenciales leales
15668,218,1,76.32000000000001,2,1,1,211,4,Necesitan atención
15669,40,4,684.34,4,3,3,433,10,Otros
15670,297,2,325.2,2,2,2,222,6,Necesitan atención
15671,19,7,2657.13,5,4,4,544,13,Campeones
15672,725,1,45.300000000000004,1,1,1,111,3,Necesitan atención
15673,88,9,6414.79,3,5,5,355,13,Leales
15674,73,12,6613.52,3,5,5,355,13,Leales
15675,81,4,542.04,3,3,2,332,8,Necesitan atención
15676,19,3,3435.76,5,3,5,535,13,Otros
15677,49,3,1305.63,4,3,4,434,11,Otros
15678,53,3,1893.89,4,3,4,434,11,Otros
15679,24,4,781.28,4,3,3,433,10,Otros
15680,9,10,4342.58,5,5,5,555,15,Campeones
15681,25,14,2989.7,4,5,5,455,14,Campeones
15682,599,2,318.24,1,2,2,122,5,Necesitan atención
15683,117,2,524.54,3,2,2,322,7,Necesitan atención
15684,547,3,173.95,1,3,1,131,5,Necesitan atención
15685,450,1,55.980000000000004,1,1,1,111,3,Necesitan atención
15686,420,1,90.0,1,1,1,111,3,Necesitan atención
15687,9,9,2993.1,5,5,5,555,15,Campeones
15688,419,1,190.57,1,1,1,111,3,Necesitan atención
15689,120,3,521.03,3,3,2,332,8,Necesitan atención
15690,4,2,239.76,5,2,1,521,8,Potenciales leales
15691,252,4,571.3,2,3,2,232,7,Necesitan atención
15692,28,1,191.04,4,1,1,411,6,Potenciales leales
15693,659,1,37.5,1,1,1,111,3,Necesitan atención
15694,1,24,10810.81,5,5,5,555,15,Campeones
15695,267,4,1131.04,2,3,3,233,8,En riesgo
15696,33,13,3906.57,4,5,5,455,14,Campeones
15697,690,1,246.75,1,1,1,111,3,Necesitan atención
15698,624,1,46.2,1,1,1,111,3,Necesitan atención
15699,18,1,309.65,5,1,2,512,8,Potenciales leales
15700,172,2,696.68,3,2,3,323,8,Necesitan atención
15701,2,4,1542.14,5,3,4,534,12,Otros
15702,476,2,140.39,1,2,1,121,4,Necesitan atención
15703,265,1,211.5,2,1,1,211,4,Necesitan atención
15704,140,6,3817.96,3,4,5,345,12,Leales
15705,201,1,143.1,2,1,1,211,4,Necesitan atención
15706,64,4,1060.56,3,3,3,333,9,Necesitan atención
15707,35,4,945.58,4,3,3,433,10,Otros
15708,41,9,4378.72,4,5,5,455,14,Campeones
15709,284,2,327.84999999999997,2,2,2,222,6,Necesitan atención
15710,417,1,898.87,1,1,3,113,5,Necesitan atención
15711,557,2,420.25,1,2,2,122,5,Necesitan atención
15712,9,12,3472.4100000000003,5,5,5,555,15,Campeones
15713,143,4,1010.79,3,3,3,333,9,Necesitan atención
15714,12,5,784.8100000000001,5,4,3,543,12,Leales
15715,556,5,658.02,1,4,3,143,8,En riesgo
15716,146,11,3056.81,3,5,5,355,13,Leales
15717,234,5,607.0,2,4,2,242,8,Otros
15718,540,1,293.79,1,1,2,112,4,Necesitan atención
15719,33,31,10223.06,4,5,5,455,14,Campeones
15720,24,2,741.92,4,2,3,423,9,Potenciales leales
15721,12,1,507.08,5,1,2,512,8,Potenciales leales
15722,36,11,5258.1,4,5,5,455,14,Campeones
15723,365,4,947.65,2,3,3,233,8,En riesgo
15724,201,3,310.85,2,3,2,232,7,Necesitan atención
15725,15,1,415.25,5,1,2,512,8,Potenciales leales
15726,390,1,321.91,2,1,2,212,5,Necesitan atención
15727,17,14,8855.51,5,5,5,555,15,Campeones
15728,380,2,544.6,2,2,2,222,6,Necesitan atención
15729,213,3,192.55,2,3,1,231,6,Necesitan atención
15730,66,5,1726.58,3,4,4,344,11,Leales
15731,554,1,125.3,1,1,1,111,3,Necesitan atención
15732,212,10,1682.07,2,5,4,254,11,En riesgo
15733,283,1,162.3,2,1,1,211,4,Necesitan atención
15734,115,4,1968.3000000000002,3,3,4,334,10,Otros
15735,421,1,327.68,1,1,2,112,4,Necesitan atención
15736,435,2,1815.72,1,2,4,124,7,Otros
15737,15,8,1205.1200000000001,5,4,3,543,12,Leales
15738,19,41,13372.97,5,5,5,555,15,Campeones
15739,66,1,449.12,3,1,2,312,6,Necesitan atención
15740,49,1,154.88,4,1,1,411,6,Potenciales leales
15741,458,2,208.62,1,2,1,121,4,Necesitan atención
15742,619,1,156.87,1,1,1,111,3,Necesitan atención
15743,16,4,784.46,5,3,3,533,11,Otros
15744,78,1,34.8,3,1,1,311,5,Necesitan atención
15745,19,4,1094.5900000000001,5,3,3,533,11,Otros
15746,134,1,196.88,3,1,1,311,5,Necesitan atención
15747,13,9,2562.61,5,5,4,554,14,Campeones
15748,40,3,614.76,4,3,3,433,10,Otros
15750,3,18,6797.191,5,5,5,555,15,Campeones
15751,461,11,1380.44,1,5,4,154,10,En riesgo
15752,40,9,4207.54,4,5,5,455,14,Campeones
15753,305,1,79.2,2,1,1,211,4,Necesitan atención
15754,51,9,3037.61,4,5,5,455,14,Campeones
15755,10,17,5993.12,5,5,5,555,15,Campeones
15756,61,4,532.96,3,3,2,332,8,Necesitan atención
15757,66,6,2940.36,3,4,5,345,12,Leales
15758,25,1,205.25,4,1,1,411,6,Potenciales leales
15759,218,7,830.9300000000001,2,4,3,243,9,En riesgo
15761,443,1,143.05,1,1,1,111,3,Necesitan atención
15762,65,2,583.75,3,2,2,322,7,Necesitan atención
15763,32,2,1086.92,4,2,3,423,9,Potenciales leales
15764,88,8,4503.08,3,4,5,345,12,Leales
15765,667,1,370.63,1,1,2,112,4,Necesitan atención
15766,64,3,831.0600000000001,3,3,3,333,9,Necesitan atención
15768,116,34,15601.09,3,5,5,355,13,Leales
15769,7,46,80664.32,5,5,5,555,15,Campeones
15770,613,1,321.45,1,1,2,112,4,Necesitan atención
15771,604,3,1006.54,1,3,3,133,7,En riesgo
15772,418,1,280.88,1,1,1,111,3,Necesitan atención
15773,6,2,774.52,5,2,3,523,10,Potenciales leales
15774,69,6,1329.94,3,4,4,344,11,Leales
15775,245,2,150.5,2,2,1,221,5,Necesitan atención
15776,133,1,241.62,3,1,1,311,5,Necesitan atención
15777,241,7,1762.6100000000001,2,4,4,244,10,En riesgo
15778,431,1,307.95000000000005,1,1,2,112,4,Necesitan atención
15779,463,2,124.08000000000001,1,2,1,121,4,Necesitan atención
15780,184,3,475.28000000000003,3,3,2,332,8,Necesitan atención
15781,25,3,345.46000000000004,4,3,2,432,9,Otros
15782,10,4,4014.1,5,3,5,535,13,Otros
15783,11,1,246.3,5,1,1,511,7,Potenciales leales
15784,468,2,848.33,1,2,3,123,6,Necesitan atención
15785,33,16,5969.93,4,5,5,455,14,Campeones
15786,46,5,8514.82,4,4,5,445,13,Campeones
15787,26,3,948.05,4,3,3,433,10,Otros
15788,509,1,221.82999999999998,1,1,1,111,3,Necesitan atención
15789,358,6,1962.01,2,4,4,244,10,En riesgo
15790,10,1,220.85,5,1,1,511,7,Potenciales leales
15791,44,5,3608.34,4,4,5,445,13,Campeones
15792,400,2,933.84,2,2,3,223,7,Necesitan atención
15793,15,8,2399.57,5,4,4,544,13,Campeones
15794,736,2,777.0,1,2,3,123,6,Necesitan atención
15795,150,8,1979.8700000000001,3,4,4,344,11,Leales
15796,1,17,5175.83,5,5,5,555,15,Campeones
15797,113,6,2821.08,3,4,4,344,11,Leales
15798,493,3,1535.37,1,3,4,134,8,En riesgo
15799,76,4,1424.29,3,3,4,334,10,Otros
15800,107,7,1242.58,3,4,4,344,11,Leales
15801,46,3,1063.95,4,3,3,433,10,Otros
15803,51,4,1929.66,4,3,4,434,11,Otros
15804,1,13,4206.39,5,5,5,555,15,Campeones
15805,23,30,10189.23,4,5,5,455,14,Campeones
15806,46,3,784.58,4,3,3,433,10,Otros
15807,50,5,1817.52,4,4,4,444,12,Campeones
15808,306,21,18409.93,2,5,5,255,12,En riesgo
15809,36,7,979.44,4,4,3,443,11,Leales
15810,79,8,2999.04,3,4,5,345,12,Leales
15811,22,7,3890.52,4,4,5,445,13,Campeones
15812,107,12,5201.47,3,5,5,355,13,Leales
15813,208,2,1303.91,2,2,4,224,8,Otros
15814,17,6,2634.44,5,4,4,544,13,Campeones
15815,64,5,2100.6,3,4,4,344,11,Leales
15816,542,2,144.15,1,2,1,121,4,Necesitan atención
15817,421,3,2766.4,1,3,4,134,8,En riesgo
15818,588,1,340.5,1,1,2,112,4,Necesitan atención
15819,49,10,3934.79,4,5,5,455,14,Campeones
15820,320,1,206.98,2,1,1,211,4,Necesitan atención
15821,44,2,570.96,4,2,2,422,8,Potenciales leales
15822,3,6,1840.06,5,4,4,544,13,Campeones
15823,372,3,3897.17,2,3,5,235,10,En riesgo
15824,453,2,890.94,1,2,3,123,6,Necesitan atención
15825,172,1,532.9399999999999,3,1,2,312,6,Necesitan atención
15826,56,4,2598.28,4,3,4,434,11,Otros
15827,73,28,3794.07,3,5,5,355,13,Leales
15828,375,1,1108.82,2,1,3,213,6,Necesitan atención
15829,99,2,636.14,3,2,3,323,8,Necesitan atención
15830,38,1,576.0,4,1,2,412,7,Potenciales leales
15831,58,3,801.76,4,3,3,433,10,Otros
15832,254,1,836.79,2,1,3,213,6,Necesitan atención
15833,738,1,80.4,1,1,1,111,3,Necesitan atención
15834,70,7,3772.99,3,4,5,345,12,Leales
15835,44,4,954.09,4,3,3,433,10,Otros
15836,50,1,137.37,4,1,1,411,6,Potenciales leales
15837,65,2,777.01,3,2,3,323,8,Necesitan atención
15838,11,29,36147.24,5,5,5,555,15,Campeones
15839,33,3,1048.49,4,3,3,433,10,Otros
15840,59,2,355.56,4,2,2,422,8,Potenciales leales
15841,73,9,2742.41,3,5,4,354,12,Leales
15842,393,2,548.8000000000001,2,2,2,222,6,Necesitan atención
15843,304,1,118.95,2,1,1,211,4,Necesitan atención
15844,46,1,130.74,4,1,1,411,6,Potenciales leales
15845,18,11,4426.28,5,5,5,555,15,Campeones
15846,385,1,107.01,2,1,1,211,4,Necesitan atención
15847,38,5,822.57,4,4,3,443,11,Leales
15848,622,1,139.94,1,1,1,111,3,Necesitan atención
15850,19,6,1058.72,5,4,3,543,12,Leales
15851,527,1,109.73,1,1,1,111,3,Necesitan atención
15852,187,3,257.26,3,3,1,331,7,Necesitan atención
15853,52,1,110.8,4,1,1,411,6,Potenciales leales
15854,4,21,5583.81,5,5,5,555,15,Campeones
15855,137,6,1052.72,3,4,3,343,10,Leales
15856,4,52,34220.340000000004,5,5,5,555,15,Campeones
15857,19,2,570.48,5,2,2,522,9,Potenciales leales
15858,16,13,3960.37,5,5,5,555,15,Campeones
15859,432,1,438.46000000000004,1,1,2,112,4,Necesitan atención
15860,41,17,2505.21,4,5,4,454,13,Campeones
15861,12,11,4236.79,5,5,5,555,15,Campeones
15862,8,13,2928.29,5,5,5,555,15,Campeones
15863,26,5,358.7,4,4,2,442,10,Leales
15864,22,7,2180.76,4,4,4,444,12,Campeones
15865,41,5,2248.92,4,4,4,444,12,Campeones
15866,101,1,230.53,3,1,1,311,5,Necesitan atención
15867,5,31,9063.95,5,5,5,555,15,Campeones
15868,583,1,94.53,1,1,1,111,3,Necesitan atención
15869,277,3,323.66,2,3,2,232,7,Necesitan atención
15870,33,4,862.61,4,4,3,443,11,Leales
15871,437,1,33.1,1,1,1,111,3,Necesitan atención
15872,15,4,795.68,5,4,3,543,12,Leales
15873,500,4,313.91999999999996,1,4,2,142,7,Otros
15874,64,19,10234.76,3,5,5,355,13,Leales
15875,646,1,111.72,1,1,1,111,3,Necesitan atención
15876,409,2,1449.14,2,2,4,224,8,Otros
15877,2,2,493.28,5,2,2,522,9,Potenciales leales
15878,562,2,330.77,1,2,2,122,5,Necesitan atención
15879,404,4,1157.3,2,4,3,243,9,En riesgo
15880,369,1,686.56,2,1,3,213,6,Necesitan atención
15881,312,5,501.39,2,4,2,242,8,Otros
15882,199,8,1495.98,2,4,4,244,10,En riesgo
15883,2,2,396.48,5,2,2,522,9,Potenciales leales
15884,432,2,249.70000000000002,1,2,1,121,4,Necesitan atención
15885,93,15,1951.82,3,5,4,354,12,Leales
15886,60,4,1052.87,3,4,3,343,10,Leales
15887,407,3,1027.15,2,3,3,233,8,En riesgo
15888,81,3,429.15999999999997,3,3,2,332,8,Necesitan atención
15889,157,8,1806.28,3,4,4,344,11,Leales
15890,395,5,535.65,2,4,2,242,8,Otros
15891,227,1,524.52,2,1,2,212,5,Necesitan atención
15892,669,1,128.2,1,1,1,111,3,Necesitan atención
15893,482,1,305.28000000000003,1,1,2,112,4,Necesitan atención
15894,253,2,420.29,2,2,2,222,6,Necesitan atención
15895,150,1,179.17,3,1,1,311,5,Necesitan atención
15897,194,2,222.05,2,2,1,221,5,Necesitan atención
15898,1,25,5596.31,5,5,5,555,15,Campeones
15899,369,1,112.5,2,1,1,211,4,Necesitan atención
15900,24,4,900.4,4,4,3,443,11,Leales
15901,17,7,703.22,5,4,3,543,12,Leales
15902,380,1,145.01,2,1,1,211,4,Necesitan atención
15903,10,12,8939.84,5,5,5,555,15,Campeones
15904,8,1,164.68,5,1,1,511,7,Potenciales leales
15905,543,1,114.69,1,1,1,111,3,Necesitan atención
15906,20,10,2555.64,4,5,4,454,13,Campeones
15907,4,3,967.45,5,3,3,533,11,Otros
15908,491,2,764.57,1,2,3,123,6,Necesitan atención
15909,174,1,191.94,3,1,1,311,5,Necesitan atención
15910,1,15,2681.8,5,5,4,554,14,Campeones
15911,624,8,1702.34,1,4,4,144,9,En riesgo
15912,178,9,1074.7,3,5,3,353,11,Leales
15913,534,1,6.300000000000001,1,1,1,111,3,Necesitan atención
15914,378,2,205.99,2,2,1,221,5,Necesitan atención
15915,402,1,429.21,2,1,2,212,5,Necesitan atención
15916,16,13,3427.17,5,5,5,555,15,Campeones
15917,248,5,560.63,2,4,2,242,8,Otros
15918,191,3,582.88,2,3,2,232,7,Necesitan atención
15919,20,2,910.61,4,2,3,423,9,Potenciales leales
15920,154,9,571.64,3,5,2,352,10,Leales
15921,173,4,802.11,3,4,3,343,10,Leales
15922,373,1,739.0,2,1,3,213,6,Necesitan atención
15923,373,1,254.16,2,1,1,211,4,Necesitan atención
15924,731,1,102.82000000000001,1,1,1,111,3,Necesitan atención
15925,194,1,207.15,2,1,1,211,4,Necesitan atención
15926,542,1,134.44,1,1,1,111,3,Necesitan atención
15927,647,1,123.39000000000001,1,1,1,111,3,Necesitan atención
15928,656,1,293.53000000000003,1,1,2,112,4,Necesitan atención
15929,644,1,594.0,1,1,2,112,4,Necesitan atención
15930,67,1,426.63,3,1,2,312,6,Necesitan atención
15931,428,1,239.9,1,1,1,111,3,Necesitan atención
15932,4,8,2495.87,5,4,4,544,13,Campeones
15933,21,3,1107.46,4,3,3,433,10,Otros
15934,418,2,2190.66,1,2,4,124,7,Otros
15935,239,1,108.03999999999999,2,1,1,211,4,Necesitan atención
15936,379,2,282.79,2,2,1,221,5,Necesitan atención
15937,64,1,145.35,3,1,1,311,5,Necesitan atención
15938,112,9,734.8100000000001,3,5,3,353,11,Leales
15939,90,15,8808.39,3,5,5,355,13,Leales
15940,311,1,35.8,2,1,1,211,4,Necesitan atención
15941,637,1,405.0,1,1,2,112,4,Necesitan atención
15942,134,1,337.44,3,1,2,312,6,Necesitan atención
15943,650,2,271.29,1,2,1,121,4,Necesitan atención
15944,277,4,2164.24,2,4,4,244,10,En riesgo
15945,365,4,827.27,2,4,3,243,9,En riesgo
15946,503,3,2304.1800000000003,1,3,4,134,8,En riesgo
15947,83,1,1708.24,3,1,4,314,8,Otros
15948,8,3,1509.0900000000001,5,3,4,534,12,Otros
15949,17,2,364.72,5,2,2,522,9,Potenciales leales
15950,32,10,7180.71,4,5,5,455,14,Campeones
15951,9,3,1013.1700000000001,5,3,3,533,11,Otros
15952,34,4,806.57,4,4,3,443,11,Leales
15953,15,18,3669.55,5,5,5,555,15,Campeones
15954,589,1,190.75,1,1,1,111,3,Necesitan atención
15955,24,22,8658.36,4,5,5,455,14,Campeones
15956,551,2,617.6,1,2,3,123,6,Necesitan atención
15957,32,3,930.1,4,3,3,433,10,Otros
15958,74,4,492.99,3,4,2,342,9,Leales
15959,682,3,579.49,1,3,2,132,6,Necesitan atención
15960,374,4,410.95,2,4,2,242,8,Otros
15961,379,1,451.28999999999996,2,1,2,212,5,Necesitan atención
15962,449,1,295.83,1,1,2,112,4,Necesitan atención
15963,20,2,470.76,4,2,2,422,8,Potenciales leales
15964,663,1,272.96,1,1,1,111,3,Necesitan atención
15965,17,13,3013.09,5,5,5,555,15,Campeones
15966,451,1,426.53,1,1,2,112,4,Necesitan atención
15967,23,12,3041.6,4,5,5,455,14,Campeones
15968,388,1,418.05,2,1,2,212,5,Necesitan atención
15969,3,5,1127.05,5,4,3,543,12,Leales
15970,304,2,1017.3199999999999,2,2,3,223,7,Necesitan atención
15971,18,18,5902.83,5,5,5,555,15,Campeones
15972,456,5,1810.27,1,4,4,144,9,En riesgo
15973,367,3,988.4399999999999,2,3,3,233,8,En riesgo
15974,39,7,3442.15,4,4,5,445,13,Campeones
15975,84,1,371.01,3,1,2,312,6,Necesitan atención
15976,165,6,1746.6399999999999,3,4,4,344,11,Leales
15977,17,2,1054.73,5,2,3,523,10,Potenciales leales
15978,77,3,3279.42,3,3,5,335,11,Otros
15979,603,1,329.21999999999997,1,1,2,112,4,Necesitan atención
15980,89,7,6593.68,3,4,5,345,12,Leales
15981,25,21,9362.77,4,5,5,455,14,Campeones
15982,605,1,324.51,1,1,2,112,4,Necesitan atención
15983,22,8,3958.82,4,4,5,445,13,Campeones
15984,3,30,8759.32,5,5,5,555,15,Campeones
15985,123,7,2715.28,3,4,4,344,11,Leales
15986,30,2,354.42,4,2,2,422,8,Potenciales leales
15987,12,7,1328.79,5,4,4,544,13,Campeones
15988,19,3,770.09,5,3,3,533,11,Otros
15989,376,2,372.51,2,2,2,222,6,Necesitan atención
15990,44,7,2010.05,4,4,4,444,12,Campeones
15991,534,1,150.55,1,1,1,111,3,Necesitan atención
15992,4,3,896.6,5,3,3,533,11,Otros
15993,9,7,2797.57,5,4,4,544,13,Campeones
15994,55,3,1202.18,4,3,3,433,10,Otros
15995,414,1,696.19,1,1,3,113,5,Necesitan atención
15996,88,7,1686.9,3,4,4,344,11,Leales
15998,37,16,8308.34,4,5,5,455,14,Campeones
15999,736,1,20.4,1,1,1,111,3,Necesitan atención
16000,3,1,2002.5,5,1,4,514,10,Potenciales leales
16001,381,1,583.39,2,1,2,212,5,Necesitan atención
16002,625,1,169.21,1,1,1,111,3,Necesitan atención
16003,30,10,5613.83,4,5,5,455,14,Campeones
16004,475,5,2146.39,1,4,4,144,9,En riesgo
16005,12,10,2436.22,5,5,4,554,14,Campeones
16006,211,2,347.17,2,2,2,222,6,Necesitan atención
16007,48,7,3075.14,4,4,5,445,13,Campeones
16008,24,15,5384.13,4,5,5,455,14,Campeones
16009,22,4,992.71,4,4,3,443,11,Leales
16010,246,11,1724.06,2,5,4,254,11,En riesgo
16011,8,29,5880.46,5,5,5,555,15,Campeones
16012,35,5,2989.79,4,4,5,445,13,Campeones
16013,4,76,48108.4,5,5,5,555,15,Campeones
16014,38,5,1130.27,4,4,3,443,11,Leales
16015,4,3,705.39,5,3,3,533,11,Otros
16016,3,11,2533.94,5,5,4,554,14,Campeones
16017,47,5,1553.83,4,4,4,444,12,Campeones
16018,39,4,698.13,4,4,3,443,11,Leales
16019,47,27,17465.85,4,5,5,455,14,Campeones
16020,17,3,851.01,5,3,3,533,11,Otros
16021,395,2,532.25,2,2,2,222,6,Necesitan atención
16022,260,1,628.28,2,1,3,213,6,Necesitan atención
16023,46,3,719.81,4,3,3,433,10,Otros
16024,12,3,484.2,5,3,2,532,10,Otros
16025,30,1,439.65999999999997,4,1,2,412,7,Potenciales leales
16026,43,1,236.09,4,1,1,411,6,Potenciales leales
16027,92,15,1883.3600000000001,3,5,4,354,12,Leales
16028,596,1,82.2,1,1,1,111,3,Necesitan atención
16029,39,104,86983.35,4,5,5,455,14,Campeones
16030,310,1,331.24,2,1,2,212,5,Necesitan atención
16031,92,2,548.94,3,2,2,322,7,Necesitan atención
16032,456,6,1970.45,1,4,4,144,9,En riesgo
16033,6,27,10836.13,5,5,5,555,15,Campeones
16034,196,6,928.72,2,4,3,243,9,En riesgo
16035,560,1,217.73,1,1,1,111,3,Necesitan atención
16036,87,4,2556.84,3,4,4,344,11,Leales
16037,270,5,1509.3400000000001,2,4,4,244,10,En riesgo
16038,8,3,471.78,5,3,2,532,10,Otros
16039,424,2,456.4,1,2,2,122,5,Necesitan atención
16040,65,7,2416.9,3,4,4,344,11,Leales
16041,141,2,1695.8,3,2,4,324,9,Otros
16042,22,8,2265.12,4,4,4,444,12,Campeones
16043,38,8,1856.5900000000001,4,5,4,454,13,Campeones
16044,435,1,340.84,1,1,2,112,4,Necesitan atención
16045,120,8,3434.93,3,5,5,355,13,Leales
16046,562,1,235.78,1,1,1,111,3,Necesitan atención
16047,682,1,107.14,1,1,1,111,3,Necesitan atención
16048,373,4,1075.23,2,4,3,243,9,En riesgo
16049,40,6,1899.68,4,4,4,444,12,Campeones
16050,174,3,300.7,3,3,2,332,8,Necesitan atención
16051,682,1,188.44,1,1,1,111,3,Necesitan atención
16052,54,1,362.06,4,1,2,412,7,Potenciales leales
16053,33,6,3577.2400000000002,4,4,5,445,13,Campeones
16054,145,4,1816.88,3,4,4,344,11,Leales
16055,221,1,134.8,2,1,1,211,4,Necesitan atención
16056,45,1,664.85,4,1,3,413,8,Potenciales leales
16057,16,10,3854.85,5,5,5,555,15,Campeones
16058,406,1,62.7,2,1,1,211,4,Necesitan atención
16059,66,12,3217.77,3,5,5,355,13,Leales
16060,401,3,541.95,2,3,2,232,7,Necesitan atención
16061,431,1,89.65,1,1,1,111,3,Necesitan atención
16062,10,8,2863.45,5,5,4,554,14,Campeones
16063,260,1,335.32,2,1,2,212,5,Necesitan atención
16064,725,1,111.0,1,1,1,111,3,Necesitan atención
16065,365,8,2382.62,2,5,4,254,11,En riesgo
16066,17,5,1521.8700000000001,5,4,4,544,13,Campeones
16067,563,3,3395.29,1,3,5,135,9,En riesgo
16068,594,1,122.93,1,1,1,111,3,Necesitan atención
16069,418,1,457.7,1,1,2,112,4,Necesitan atención
16070,22,2,852.15,4,2,3,423,9,Potenciales leales
16071,45,4,1076.8,4,4,3,443,11,Leales
16072,288,4,4328.89,2,4,5,245,11,En riesgo
16073,297,1,122.4,2,1,1,211,4,Necesitan atención
16074,390,1,265.25,2,1,1,211,4,Necesitan atención
16075,503,2,736.9300000000001,1,2,3,123,6,Necesitan atención
16076,3,10,2234.73,5,5,4,554,14,Campeones
16077,626,1,2300.3999999999996,1,1,4,114,6,Otros
16078,284,2,362.99,2,2,2,222,6,Necesitan atención
16079,17,3,1352.0,5,3,4,534,12,Otros
16080,82,4,602.5600000000001,3,4,2,342,9,Leales
16081,56,8,4460.18,4,5,5,455,14,Campeones
16082,670,1,106.75,1,1,1,111,3,Necesitan atención
16083,101,4,2351.42,3,4,4,344,11,Leales
16084,299,1,436.18,2,1,2,212,5,Necesitan atención
16085,23,12,2343.53,4,5,4,454,13,Campeones
16086,59,10,2864.9900000000002,4,5,4,454,13,Campeones
16087,389,5,1739.92,2,4,4,244,10,En riesgo
16088,576,2,1437.43,1,2,4,124,7,Otros
16089,386,2,271.44,2,2,1,221,5,Necesitan atención
16090,624,1,205.91,1,1,1,111,3,Necesitan atención
16091,155,2,315.06,3,2,2,322,7,Necesitan atención
16092,115,6,1587.94,3,4,4,344,11,Leales
16093,107,1,17.0,3,1,1,311,5,Necesitan atención
16094,12,11,3695.56,5,5,5,555,15,Campeones
16095,456,1,447.05,1,1,2,112,4,Necesitan atención
16096,264,4,1584.97,2,4,4,244,10,En riesgo
16097,240,1,185.04999999999998,2,1,1,211,4,Necesitan atención
16098,88,14,4448.1,3,5,5,355,13,Leales
16099,50,7,1573.2,4,4,4,444,12,Campeones
16100,463,1,582.64,1,1,2,112,4,Necesitan atención
16101,71,4,3229.16,3,4,5,345,12,Leales
16102,42,3,1842.14,4,3,4,434,11,Otros
16103,7,22,6191.71,5,5,5,555,15,Campeones
16104,62,9,2778.61,3,5,4,354,12,Leales
16105,249,5,2386.19,2,4,4,244,10,En riesgo
16106,66,1,108.38,3,1,1,311,5,Necesitan atención
16107,18,7,3204.1600000000003,5,4,5,545,14,Campeones
16108,85,4,2235.92,3,4,4,344,11,Leales
16109,219,3,939.48,2,3,3,233,8,En riesgo
16110,45,4,1819.27,4,4,4,444,12,Campeones
16111,428,1,562.48,1,1,2,112,4,Necesitan atención
16112,143,4,195.74,3,4,1,341,8,Leales
16113,183,1,161.38,3,1,1,311,5,Necesitan atención
16114,171,1,135.75,3,1,1,311,5,Necesitan atención
16115,10,12,2575.14,5,5,4,554,14,Campeones
16116,212,1,612.78,2,1,3,213,6,Necesitan atención
16117,190,3,654.4,2,3,3,233,8,En riesgo
16118,653,1,4376.25,1,1,5,115,7,Otros
16119,8,8,1720.81,5,5,4,554,14,Campeones
16120,59,6,3056.91,4,4,5,445,13,Campeones
16121,57,5,1477.09,4,4,4,444,12,Campeones
16122,73,6,1001.34,3,4,3,343,10,Leales
16123,52,1,307.78000000000003,4,1,2,412,7,Potenciales leales
16124,317,4,1772.49,2,4,4,244,10,En riesgo
16125,367,14,4587.65,2,5,5,255,12,En riesgo
16126,29,15,14646.800000000001,4,5,5,455,14,Campeones
16127,39,2,801.3100000000001,4,2,3,423,9,Potenciales leales
16128,18,11,3801.05,5,5,5,555,15,Campeones
16129,407,3,1231.05,2,3,4,234,9,En riesgo
16130,422,4,987.48,1,4,3,143,8,En riesgo
16131,52,12,9957.42,4,5,5,455,14,Campeones
16132,544,2,664.1999999999999,1,2,3,123,6,Necesitan atención
16133,4,56,22992.26,5,5,5,555,15,Campeones
16134,22,5,2145.34,4,4,4,444,12,Campeones
16135,263,2,819.45,2,2,3,223,7,Necesitan atención
16136,60,4,946.8000000000001,3,4,3,343,10,Leales
16137,680,1,422.7,1,1,2,112,4,Necesitan atención
16138,379,3,910.35,2,3,3,233,8,En riesgo
16139,19,5,1111.15,5,4,3,543,12,Leales
16140,66,3,1557.6000000000001,3,3,4,334,10,Otros
16141,88,2,955.94,3,2,3,323,8,Necesitan atención
16142,250,1,535.34,2,1,2,212,5,Necesitan atención
16143,3,12,4910.83,5,5,5,555,15,Campeones
16144,247,1,175.2,2,1,1,211,4,Necesitan atención
16145,9,19,6805.4400000000005,5,5,5,555,15,Campeones
16146,157,4,946.38,3,4,3,343,10,Leales
16147,134,5,2398.91,3,4,4,344,11,Leales
16148,296,2,386.62,2,2,2,222,6,Necesitan atención
16149,5,3,422.21999999999997,5,3,2,532,10,Otros
16150,43,10,4395.59,4,5,5,455,14,Campeones
16152,269,1,1829.04,2,1,4,214,7,Otros
16153,50,11,5133.49,4,5,5,455,14,Campeones
16155,382,5,796.9,2,4,3,243,9,En riesgo
16156,9,20,6218.18,5,5,5,555,15,Campeones
16157,16,3,656.69,5,3,3,533,11,Otros
16158,522,9,628.32,1,5,3,153,9,En riesgo
16159,282,4,1232.79,2,4,4,244,10,En riesgo
16160,65,2,1025.44,3,2,3,323,8,Necesitan atención
16161,2,43,12831.8,5,5,5,555,15,Campeones
16162,252,1,37.4,2,1,1,211,4,Necesitan atención
16163,232,6,2849.58,2,4,4,244,10,En riesgo
16164,17,3,822.48,5,3,3,533,11,Otros
16165,505,1,79.9,1,1,1,111,3,Necesitan atención
16166,428,2,435.83000000000004,1,2,2,122,5,Necesitan atención
16167,414,5,1265.16,1,4,4,144,9,En riesgo
16168,11,66,10636.47,5,5,5,555,15,Campeones
16169,8,4,1822.97,5,4,4,544,13,Campeones
16170,51,20,6869.0,4,5,5,455,14,Campeones
16171,59,1,73.19999999999999,4,1,1,411,6,Potenciales leales
16172,95,8,1884.55,3,5,4,354,12,Leales
16173,16,6,1418.32,5,4,4,544,13,Campeones
16174,126,7,2246.75,3,4,4,344,11,Leales
16175,94,7,1836.44,3,4,4,344,11,Leales
16176,421,4,2052.69,1,4,4,144,9,En riesgo
16177,50,8,2247.31,4,5,4,454,13,Campeones
16178,138,2,612.6,3,2,3,323,8,Necesitan atención
16179,61,1,215.83,3,1,1,311,5,Necesitan atención
16180,100,13,16249.87,3,5,5,355,13,Leales
16181,73,1,305.54,3,1,2,312,6,Necesitan atención
16182,72,9,9971.65,3,5,5,355,13,Leales
16183,67,4,1077.81,3,4,3,343,10,Leales
16184,64,6,1158.79,3,4,3,343,10,Leales
16185,17,3,644.72,5,3,3,533,11,Otros
16186,23,26,9026.11,4,5,5,455,14,Campeones
16187,32,15,6911.4400000000005,4,5,5,455,14,Campeones
16188,45,5,1087.66,4,4,3,443,11,Leales
16189,16,2,215.48,5,2,1,521,8,Potenciales leales
16190,40,8,2723.55,4,5,4,454,13,Campeones
16191,3,24,15688.02,5,5,5,555,15,Campeones
16192,736,1,351.3,1,1,2,112,4,Necesitan atención
16193,237,2,630.4300000000001,2,2,3,223,7,Necesitan atención
16194,375,1,308.6,2,1,2,212,5,Necesitan atención
16195,723,1,323.25,1,1,2,112,4,Necesitan atención
16196,489,1,93.3,1,1,1,111,3,Necesitan atención
16197,469,9,2016.71,1,5,4,154,10,En riesgo
16198,75,2,1030.0410000000002,3,2,3,323,8,Necesitan atención
16199,392,7,942.75,2,4,3,243,9,En riesgo
16200,4,12,5643.45,5,5,5,555,15,Campeones
16201,3,5,2112.12,5,4,4,544,13,Campeones
16202,361,9,2501.9900000000002,2,5,4,254,11,En riesgo
16203,59,6,1114.54,4,4,3,443,11,Leales
16204,23,3,944.24,4,3,3,433,10,Otros
16205,31,7,1830.61,4,4,4,444,12,Campeones
16206,55,13,2602.32,4,5,4,454,13,Campeones
16207,25,1,394.38,4,1,2,412,7,Potenciales leales
16208,45,10,3440.4500000000003,4,5,5,455,14,Campeones
16209,89,9,4146.78,3,5,5,355,13,Leales
16210,2,35,28726.31,5,5,5,555,15,Campeones
16211,89,3,1090.59,3,3,3,333,9,Necesitan atención
16212,19,4,1293.71,5,4,4,544,13,Campeones
16213,79,1,159.0,3,1,1,311,5,Necesitan atención
16214,171,4,2038.25,3,4,4,344,11,Leales
16215,81,1,242.35,3,1,1,311,5,Necesitan atención
16216,267,1,749.9300000000001,2,1,3,213,6,Necesitan atención
16217,235,2,304.25,2,2,2,222,6,Necesitan atención
16218,30,13,4439.97,4,5,5,455,14,Campeones
16219,501,1,40.8,1,1,1,111,3,Necesitan atención
16221,37,9,2235.51,4,5,4,454,13,Campeones
16222,318,2,1345.22,2,2,4,224,8,Otros
16223,375,2,1102.35,2,2,3,223,7,Necesitan atención
16224,57,5,1616.54,4,4,4,444,12,Campeones
16225,45,15,2867.41,4,5,4,454,13,Campeones
16226,203,5,672.17,2,4,3,243,9,En riesgo
16227,225,3,1027.22,2,3,3,233,8,En riesgo
16228,385,3,890.81,2,3,3,233,8,En riesgo
16229,87,6,2867.86,3,4,4,344,11,Leales
16230,190,2,542.03,2,2,2,222,6,Necesitan atención
16231,379,4,1078.22,2,4,3,243,9,En riesgo
16232,44,7,2712.97,4,4,4,444,12,Campeones
16233,71,9,1965.71,3,5,4,354,12,Leales
16234,476,3,333.18,1,3,2,132,6,Necesitan atención
16235,41,9,2053.71,4,5,4,454,13,Campeones
16236,78,1,432.2,3,1,2,312,6,Necesitan atención
16237,437,1,136.65,1,1,1,111,3,Necesitan atención
16238,423,1,63.66,1,1,1,111,3,Necesitan atención
16239,57,6,1492.2,4,4,4,444,12,Campeones
16240,24,2,3718.8,4,2,5,425,11,Potenciales leales
16241,10,16,4329.31,5,5,5,555,15,Campeones
16242,8,14,7474.4,5,5,5,555,15,Campeones
16243,34,2,409.1,4,2,2,422,8,Potenciales leales
16244,212,2,2579.38,2,2,4,224,8,Otros
16245,24,3,1413.66,4,3,4,434,11,Otros
16246,460,2,827.25,1,2,3,123,6,Necesitan atención
16247,170,1,114.56,3,1,1,311,5,Necesitan atención
16248,62,1,152.94,3,1,1,311,5,Necesitan atención
16249,53,5,1800.07,4,4,4,444,12,Campeones
16250,261,3,791.38,2,3,3,233,8,En riesgo
16251,512,1,128.31,1,1,1,111,3,Necesitan atención
16252,383,1,295.09000000000003,2,1,2,212,5,Necesitan atención
16253,67,7,7310.15,3,4,5,345,12,Leales
16254,378,3,985.14,2,3,3,233,8,En riesgo
16255,17,15,4906.8,5,5,5,555,15,Campeones
16256,267,3,1629.37,2,3,4,234,9,En riesgo
16257,177,1,46.95,3,1,1,311,5,Necesitan atención
16258,45,15,11136.12,4,5,5,455,14,Campeones
16259,410,3,361.94,2,3,2,232,7,Necesitan atención
16260,51,1,1035.45,4,1,3,413,8,Potenciales leales
16261,17,6,1059.45,5,4,3,543,12,Leales
16262,378,1,755.15,2,1,3,213,6,Necesitan atención
16263,423,1,351.01,1,1,2,112,4,Necesitan atención
16264,438,2,837.53,1,2,3,123,6,Necesitan atención
16265,9,12,6935.17,5,5,5,555,15,Campeones
16266,74,14,1757.95,3,5,4,354,12,Leales
16267,591,1,186.66,1,1,1,111,3,Necesitan atención
16268,71,2,667.65,3,2,3,323,8,Necesitan atención
16269,438,1,717.57,1,1,3,113,5,Necesitan atención
16270,353,1,1141.24,2,1,3,213,6,Necesitan atención
16271,3,10,3463.02,5,5,5,555,15,Campeones
16272,117,1,411.7,3,1,2,312,6,Necesitan atención
16273,648,2,336.03999999999996,1,2,2,122,5,Necesitan atención
16274,373,1,715.9,2,1,3,213,6,Necesitan atención
16275,197,3,2151.11,2,3,4,234,9,En riesgo
16276,177,3,2629.3900000000003,3,3,4,334,10,Otros
16277,734,1,188.69,1,1,1,111,3,Necesitan atención
16278,100,3,1117.84,3,3,3,333,9,Necesitan atención
16279,21,9,5705.08,4,5,5,455,14,Campeones
16280,725,1,238.05,1,1,1,111,3,Necesitan atención
16281,72,3,3424.02,3,3,5,335,11,Otros
16282,340,3,1307.58,2,3,4,234,9,En riesgo
16283,6,8,4403.82,5,5,5,555,15,Campeones
16284,31,3,1029.77,4,3,3,433,10,Otros
16285,646,1,176.9,1,1,1,111,3,Necesitan atención
16286,477,2,328.95000000000005,1,2,2,122,5,Necesitan atención
16287,170,5,1006.98,3,4,3,343,10,Leales
16288,470,1,129.85,1,1,1,111,3,Necesitan atención
16289,462,1,136.31,1,1,1,111,3,Necesitan atención
16290,465,4,2069.3,1,4,4,144,9,En riesgo
16291,682,1,117.72,1,1,1,111,3,Necesitan atención
16292,122,5,1253.76,3,4,4,344,11,Leales
16293,22,15,4657.95,4,5,5,455,14,Campeones
16294,477,1,126.05000000000001,1,1,1,111,3,Necesitan atención
16295,10,4,1328.55,5,4,4,544,13,Campeones
16296,626,4,1313.67,1,4,4,144,9,En riesgo
16297,269,1,301.9,2,1,2,212,5,Necesitan atención
16298,23,7,1085.7,4,4,3,443,11,Leales
16299,477,1,193.65,1,1,1,111,3,Necesitan atención
16300,430,3,1392.43,1,3,4,134,8,En riesgo
16301,737,1,107.33,1,1,1,111,3,Necesitan atención
16302,127,1,233.22,3,1,1,311,5,Necesitan atención
16303,26,7,7928.27,4,4,5,445,13,Campeones
16304,695,1,381.66,1,1,2,112,4,Necesitan atención
16305,139,1,361.22,3,1,2,312,6,Necesitan atención
16306,214,7,1192.82,2,4,3,243,9,En riesgo
16307,429,3,1194.92,1,3,3,133,7,En riesgo
16309,106,2,706.57,3,2,3,323,8,Necesitan atención
16310,414,2,460.08,1,2,2,122,5,Necesitan atención
16311,18,2,616.26,5,2,3,523,10,Potenciales leales
16312,432,1,171.15,1,1,1,111,3,Necesitan atención
16313,3,2,274.15,5,2,1,521,8,Potenciales leales
16314,390,3,1491.4,2,3,4,234,9,En riesgo
16315,331,2,402.71,2,2,2,222,6,Necesitan atención
16316,64,13,5744.91,3,5,5,355,13,Leales
16317,120,5,2192.51,3,4,4,344,11,Leales
16318,35,1,328.15000000000003,4,1,2,412,7,Potenciales leales
16319,218,1,404.40000000000003,2,1,2,212,5,Necesitan atención
16320,172,6,5628.99,3,4,5,345,12,Leales
16321,72,7,604.5500000000001,3,4,2,342,9,Leales
16322,1,2,326.75,5,2,2,522,9,Potenciales leales
16323,196,2,353.66,2,2,2,222,6,Necesitan atención
16324,128,3,428.68,3,3,2,332,8,Necesitan atención
16325,47,12,3597.5,4,5,5,455,14,Campeones
16326,6,24,4826.99,5,5,5,555,15,Campeones
16327,14,16,10610.38,5,5,5,555,15,Campeones
16328,563,1,310.83000000000004,1,1,2,112,4,Necesitan atención
16329,428,4,1703.07,1,4,4,144,9,En riesgo
16330,18,7,634.33,5,4,3,543,12,Leales
16331,432,6,2037.7,1,4,4,144,9,En riesgo
16332,28,11,2010.41,4,5,4,454,13,Campeones
16333,8,16,7346.400000000001,5,5,5,555,15,Campeones
16334,492,1,277.48,1,1,1,111,3,Necesitan atención
16335,552,7,2774.0,1,4,4,144,9,En riesgo
16336,421,4,3517.69,1,4,5,145,10,En riesgo
16337,37,1,151.05,4,1,1,411,6,Potenciales leales
16338,157,1,214.8,3,1,1,311,5,Necesitan atención
16339,284,1,109.95,2,1,1,211,4,Necesitan atención
16340,107,3,1526.06,3,3,4,334,10,Otros
16341,25,7,3850.79,4,4,5,445,13,Campeones
16342,75,4,322.41,3,4,2,342,9,Leales
16343,16,3,687.07,5,3,3,533,11,Otros
16344,158,4,842.42,3,4,3,343,10,Leales
16345,44,2,1198.74,4,2,3,423,9,Potenciales leales
16346,385,1,224.51,2,1,1,211,4,Necesitan atención
16347,11,11,3509.41,5,5,5,555,15,Campeones
16348,32,8,1798.22,4,5,4,454,13,Campeones
16349,291,1,53.5,2,1,1,211,4,Necesitan atención
16350,21,9,2253.89,4,5,4,454,13,Campeones
16351,333,13,3330.03,2,5,5,255,12,En riesgo
16352,18,2,494.44,5,2,2,522,9,Potenciales leales
16353,4,38,9999.460000000001,5,5,5,555,15,Campeones
16354,63,5,1129.51,3,4,3,343,10,Leales
16355,375,1,416.35,2,1,2,212,5,Necesitan atención
16356,198,6,415.87,2,4,2,242,8,Otros
16357,33,4,868.37,4,4,3,443,11,Leales
16358,1,5,2919.65,5,4,5,545,14,Campeones
16359,7,16,2697.75,5,5,4,554,14,Campeones
16360,5,6,3512.53,5,4,5,545,14,Campeones
16361,10,4,896.66,5,4,3,543,12,Leales
16362,32,6,946.94,4,4,3,443,11,Leales
16363,53,1,109.36000000000001,4,1,1,411,6,Potenciales leales
16364,12,2,707.04,5,2,3,523,10,Potenciales leales
16365,18,15,3307.2,5,5,5,555,15,Campeones
16366,19,4,1548.13,5,4,4,544,13,Campeones
16367,37,3,1362.4,4,3,4,434,11,Otros
16368,2,3,640.21,5,3,3,533,11,Otros
16369,18,7,2664.81,5,4,4,544,13,Campeones
16370,82,4,1320.56,3,4,4,344,11,Leales
16371,449,1,157.2,1,1,1,111,3,Necesitan atención
16372,33,5,1328.61,4,4,4,444,12,Campeones
16373,382,2,309.49,2,2,2,222,6,Necesitan atención
16374,66,5,1771.45,3,4,4,344,11,Leales
16375,470,2,104.0,1,2,1,121,4,Necesitan atención
16376,9,2,987.01,5,2,3,523,10,Potenciales leales
16377,267,2,212.4,2,2,1,221,5,Necesitan atención
16378,247,3,362.95,2,3,2,232,7,Necesitan atención
16379,4,4,2157.4,5,4,4,544,13,Campeones
16380,61,1,1780.59,3,1,4,314,8,Otros
16381,396,2,258.7,2,2,1,221,5,Necesitan atención
16382,408,2,353.1,2,2,2,222,6,Necesitan atención
16383,75,7,2974.84,3,4,5,345,12,Leales
16384,90,4,1358.95,3,4,4,344,11,Leales
16385,60,5,1030.6100000000001,3,4,3,343,10,Leales
16386,29,3,1102.59,4,3,3,433,10,Otros
16387,323,5,918.55,2,4,3,243,9,En riesgo
16388,654,1,186.05,1,1,1,111,3,Necesitan atención
16389,53,4,1324.47,4,4,4,444,12,Campeones
16390,537,3,467.5,1,3,2,132,6,Necesitan atención
16391,401,4,1103.61,2,4,3,243,9,En riesgo
16392,270,3,763.05,2,3,3,233,8,En riesgo
16393,2,23,5561.66,5,5,5,555,15,Campeones
16394,57,5,1555.34,4,4,4,444,12,Campeones
16395,61,14,3537.85,3,5,5,355,13,Leales
16396,476,1,137.8,1,1,1,111,3,Necesitan atención
16397,628,1,127.88000000000001,1,1,1,111,3,Necesitan atención
16398,154,2,1705.8,3,2,4,324,9,Otros
16399,19,3,641.82,5,3,3,533,11,Otros
16400,95,9,3159.44,3,5,5,355,13,Leales
16401,1,23,6849.15,5,5,5,555,15,Campeones
16402,265,2,511.40000000000003,2,2,2,222,6,Necesitan atención
16403,312,1,177.5,2,1,1,211,4,Necesitan atención
16404,70,1,443.05,3,1,2,312,6,Necesitan atención
16405,302,2,167.25,2,2,1,221,5,Necesitan atención
16406,19,3,552.68,5,3,2,532,10,Otros
16407,13,14,2821.65,5,5,4,554,14,Campeones
16408,591,1,231.93,1,1,1,111,3,Necesitan atención
16409,36,12,5709.04,4,5,5,455,14,Campeones
16410,734,1,130.32,1,1,1,111,3,Necesitan atención
16411,19,4,910.19,5,4,3,543,12,Leales
16412,54,5,647.23,4,4,3,443,11,Leales
16413,57,2,528.98,4,2,2,422,8,Potenciales leales
16414,22,5,559.71,4,4,2,442,10,Leales
16415,44,3,719.4399999999999,4,3,3,433,10,Otros
16416,27,9,2972.88,4,5,5,455,14,Campeones
16417,493,1,35.7,1,1,1,111,3,Necesitan atención
16418,45,5,1101.94,4,4,3,443,11,Leales
16419,113,8,1487.42,3,5,4,354,12,Leales
16420,396,1,75.0,2,1,1,211,4,Necesitan atención
16421,376,3,526.27,2,3,2,232,7,Necesitan atención
16422,17,107,56777.75,5,5,5,555,15,Campeones
16423,25,1,346.12,4,1,2,412,7,Potenciales leales
16424,191,2,443.06,2,2,2,222,6,Necesitan atención
16425,302,1,302.7,2,1,2,212,5,Necesitan atención
16426,2,10,1908.25,5,5,4,554,14,Campeones
16427,263,2,241.06,2,2,1,221,5,Necesitan atención
16428,414,3,660.28,1,3,3,133,7,En riesgo
16429,106,1,284.55,3,1,1,311,5,Necesitan atención
16430,57,7,1117.94,4,4,3,443,11,Leales
16431,213,3,642.81,2,3,3,233,8,En riesgo
16432,64,1,287.40000000000003,3,1,2,312,6,Necesitan atención
16433,28,2,384.52,4,2,2,422,8,Potenciales leales
16434,29,12,2741.7400000000002,4,5,4,454,13,Campeones
16435,512,3,1011.57,1,3,3,133,7,En riesgo
16436,668,3,329.34,1,3,2,132,6,Necesitan atención
16437,381,2,301.25,2,2,2,222,6,Necesitan atención
16438,6,5,798.35,5,4,3,543,12,Leales
16439,722,1,310.70000000000005,1,1,2,112,4,Necesitan atención
16440,8,6,3856.9700000000003,5,4,5,545,14,Campeones
16441,67,5,1034.43,3,4,3,343,10,Leales
16442,2,5,899.47,5,4,3,543,12,Leales
16443,521,1,162.24,1,1,1,111,3,Necesitan atención
16444,46,17,3656.58,4,5,5,455,14,Campeones
16445,34,4,602.73,4,4,2,442,10,Leales
16446,206,1,2.9,2,1,1,211,4,Necesitan atención
16447,136,3,775.14,3,3,3,333,9,Necesitan atención
16448,198,2,367.87,2,2,2,222,6,Necesitan atención
16449,198,2,707.69,2,2,3,223,7,Necesitan atención
16450,150,3,1505.73,3,3,4,334,10,Otros
16451,88,3,1013.15,3,3,3,333,9,Necesitan atención
16452,631,2,332.17,1,2,2,122,5,Necesitan atención
16453,531,2,251.71,1,2,1,121,4,Necesitan atención
16454,45,4,30.950000000000003,4,4,1,441,9,Leales
16455,64,11,4384.37,3,5,5,355,13,Leales
16456,99,13,6862.91,3,5,5,355,13,Leales
16457,218,1,208.36,2,1,1,211,4,Necesitan atención
16458,3,30,5715.34,5,5,5,555,15,Campeones
16459,730,1,71.79,1,1,1,111,3,Necesitan atención
16460,28,3,814.72,4,3,3,433,10,Otros
16461,178,3,1615.22,3,3,4,334,10,Otros
16462,74,3,136.0,3,3,1,331,7,Necesitan atención
16463,21,4,1422.4,4,4,4,444,12,Campeones
16464,20,3,1314.68,4,3,4,434,11,Otros
16465,421,2,746.24,1,2,3,123,6,Necesitan atención
16466,34,15,3838.59,4,5,5,455,14,Campeones
16467,509,7,2161.76,1,4,4,144,9,En riesgo
16468,74,3,787.52,3,3,3,333,9,Necesitan atención
16469,24,5,828.91,4,4,3,443,11,Leales
16470,52,11,2458.6,4,5,4,454,13,Campeones
16471,275,4,1189.98,2,4,3,243,9,En riesgo
16472,434,2,789.6,1,2,3,123,6,Necesitan atención
16473,165,4,470.83,3,4,2,342,9,Leales
16474,7,7,1871.5,5,4,4,544,13,Campeones
16475,88,4,544.3000000000001,3,4,2,342,9,Leales
16476,432,1,350.35,1,1,2,112,4,Necesitan atención
16477,64,11,4320.02,3,5,5,355,13,Leales
16478,25,3,331.0,4,3,2,432,9,Otros
16479,10,2,300.83,5,2,2,522,9,Potenciales leales
16480,76,1,769.29,3,1,3,313,7,Necesitan atención
16481,682,1,453.38,1,1,2,112,4,Necesitan atención
16482,16,1,220.62,5,1,1,511,7,Potenciales leales
16483,192,1,139.35,2,1,1,211,4,Necesitan atención
16484,174,2,404.3,3,2,2,322,7,Necesitan atención
16485,77,5,2294.68,3,4,4,344,11,Leales
16486,538,1,134.36,1,1,1,111,3,Necesitan atención
16487,577,2,209.4,1,2,1,121,4,Necesitan atención
16488,33,3,498.8,4,3,2,432,9,Otros
16489,380,2,303.7,2,2,2,222,6,Necesitan atención
16490,436,1,205.41000000000003,1,1,1,111,3,Necesitan atención
16491,47,2,1533.16,4,2,4,424,10,Potenciales leales
16492,541,1,385.56,1,1,2,112,4,Necesitan atención
16493,80,7,2132.09,3,4,4,344,11,Leales
16494,297,1,826.53,2,1,3,213,6,Necesitan atención
16495,3,3,684.41,5,3,3,533,11,Otros
16496,9,6,2330.77,5,4,4,544,13,Campeones
16497,50,23,6695.28,4,5,5,455,14,Campeones
16498,161,2,100.97,3,2,1,321,6,Necesitan atención
16499,360,8,2578.34,2,5,4,254,11,En riesgo
16500,5,8,678.91,5,5,3,553,13,Leales
16501,383,1,1237.23,2,1,4,214,7,Otros
16502,620,2,266.5,1,2,1,121,4,Necesitan atención
16503,107,11,3614.34,3,5,5,355,13,Leales
16504,25,1,484.38,4,1,2,412,7,Potenciales leales
16505,32,1,777.6,4,1,3,413,8,Potenciales leales
16506,20,2,90.30000000000001,4,2,1,421,7,Potenciales leales
16507,572,1,152.76,1,1,1,111,3,Necesitan atención
16508,630,1,248.8,1,1,1,111,3,Necesitan atención
16509,297,1,363.70000000000005,2,1,2,212,5,Necesitan atención
16510,372,6,2100.0,2,4,4,244,10,En riesgo
16511,22,6,1819.02,4,4,4,444,12,Campeones
16513,5,4,874.59,5,4,3,543,12,Leales
16515,52,10,3216.3,4,5,5,455,14,Campeones
16516,30,1,101.7,4,1,1,411,6,Potenciales leales
16517,277,1,162.7,2,1,1,211,4,Necesitan atención
16518,61,4,959.37,3,4,3,343,10,Leales
16519,25,4,556.26,4,4,2,442,10,Leales
16520,186,6,2482.62,3,4,4,344,11,Leales
16521,415,3,1148.01,1,3,3,133,7,En riesgo
16522,436,2,433.36,1,2,2,122,5,Necesitan atención
16523,2,28,11916.33,5,5,5,555,15,Campeones
16524,446,2,308.14,1,2,2,122,5,Necesitan atención
16525,2,48,24582.64,5,5,5,555,15,Campeones
16526,172,2,717.21,3,2,3,323,8,Necesitan atención
16527,81,2,1272.44,3,2,4,324,9,Otros
16528,4,1,244.41,5,1,1,511,7,Potenciales leales
16529,190,4,2012.0,2,4,4,244,10,En riesgo
16530,668,1,48.35,1,1,1,111,3,Necesitan atención
16531,22,11,2298.33,4,5,4,454,13,Campeones
16532,18,5,8382.24,5,4,5,545,14,Campeones
16533,19,3,1095.56,5,3,3,533,11,Otros
16534,642,1,635.9,1,1,3,113,5,Necesitan atención
16535,5,3,1001.59,5,3,3,533,11,Otros
16536,110,1,548.97,3,1,2,312,6,Necesitan atención
16537,641,1,23.35,1,1,1,111,3,Necesitan atención
16538,541,3,399.62,1,3,2,132,6,Necesitan atención
16539,3,10,3567.01,5,5,5,555,15,Campeones
16540,414,1,226.7,1,1,1,111,3,Necesitan atención
16541,735,1,424.03000000000003,1,1,2,112,4,Necesitan atención
16542,54,2,257.32,4,2,1,421,7,Potenciales leales
16543,592,1,292.21,1,1,2,112,4,Necesitan atención
16544,520,4,376.70000000000005,1,4,2,142,7,Otros
16545,165,2,689.82,3,2,3,323,8,Necesitan atención
16546,291,5,5606.47,2,4,5,245,11,En riesgo
16547,546,1,111.71,1,1,1,111,3,Necesitan atención
16548,599,1,30.150000000000002,1,1,1,111,3,Necesitan atención
16549,10,34,13182.19,5,5,5,555,15,Campeones
16550,109,18,9435.13,3,5,5,355,13,Leales
16551,96,7,2237.12,3,4,4,344,11,Leales
16552,243,2,475.02,2,2,2,222,6,Necesitan atención
16553,163,33,16540.33,3,5,5,355,13,Leales
16554,42,8,2841.7200000000003,4,5,4,454,13,Campeones
16555,35,6,1915.68,4,4,4,444,12,Campeones
16556,67,17,7717.58,3,5,5,355,13,Leales
16557,24,2,281.85,4,2,1,421,7,Potenciales leales
16558,1,38,13873.51,5,5,5,555,15,Campeones
16559,397,1,185.20000000000002,2,1,1,211,4,Necesitan atención
16560,27,8,3048.38,4,5,5,455,14,Campeones
16561,6,2,511.12,5,2,2,522,9,Potenciales leales
16562,477,1,223.86,1,1,1,111,3,Necesitan atención
16563,54,6,4422.76,4,4,5,445,13,Campeones
16564,569,1,87.80000000000001,1,1,1,111,3,Necesitan atención
16565,364,4,773.05,2,4,3,243,9,En riesgo
16566,15,5,614.66,5,4,3,543,12,Leales
16567,194,2,865.6,2,2,3,223,7,Necesitan atención
16568,428,2,1020.9,1,2,3,123,6,Necesitan atención
16569,3,5,1455.23,5,4,4,544,13,Campeones
16570,15,20,7139.31,5,5,5,555,15,Campeones
16571,27,10,4248.74,4,5,5,455,14,Campeones
16572,127,3,1009.6,3,3,3,333,9,Necesitan atención
16573,85,2,663.61,3,2,3,323,8,Necesitan atención
16574,71,3,1301.78,3,3,4,334,10,Otros
16576,420,2,540.87,1,2,2,122,5,Necesitan atención
16577,667,1,380.0,1,1,2,112,4,Necesitan atención
16578,626,1,156.60000000000002,1,1,1,111,3,Necesitan atención
16579,426,1,295.05,1,1,2,112,4,Necesitan atención
16581,183,1,105.84,3,1,1,311,5,Necesitan atención
16582,113,1,313.62,3,1,2,312,6,Necesitan atención
16583,374,2,531.4,2,2,2,222,6,Necesitan atención
16584,80,5,3163.67,3,4,5,345,12,Leales
16585,594,2,341.59000000000003,1,2,2,122,5,Necesitan atención
16586,249,3,1462.78,2,3,4,234,9,En riesgo
16587,232,1,225.15,2,1,1,211,4,Necesitan atención
16588,386,4,1361.28,2,4,4,244,10,En riesgo
16589,71,4,612.36,3,4,3,343,10,Leales
16590,401,2,605.9,2,2,2,222,6,Necesitan atención
16591,69,1,213.5,3,1,1,311,5,Necesitan atención
16592,4,28,7807.91,5,5,5,555,15,Campeones
16593,51,8,1071.14,4,5,3,453,12,Leales
16594,75,1,181.09,3,1,1,311,5,Necesitan atención
16595,61,5,1810.18,3,4,4,344,11,Leales
16596,16,4,579.63,5,4,2,542,11,Leales
16597,4,1,90.04,5,1,1,511,7,Potenciales leales
16598,286,1,145.04999999999998,2,1,1,211,4,Necesitan atención
16599,386,1,172.8,2,1,1,211,4,Necesitan atención
16600,4,13,2153.41,5,5,4,554,14,Campeones
16601,41,3,684.25,4,3,3,433,10,Otros
16602,36,2,763.33,4,2,3,423,9,Potenciales leales
16603,75,2,482.47,3,2,2,322,7,Necesitan atención
16604,563,2,432.45000000000005,1,2,2,122,5,Necesitan atención
16605,724,1,60.48,1,1,1,111,3,Necesitan atención
16606,404,2,357.66,2,2,2,222,6,Necesitan atención
16607,18,25,5411.87,5,5,5,555,15,Campeones
16608,454,2,1288.72,1,2,4,124,7,Otros
16609,15,7,5493.46,5,4,5,545,14,Campeones
16610,219,1,75.66,2,1,1,211,4,Necesitan atención
16611,186,6,1785.13,3,4,4,344,11,Leales
16612,33,9,3245.4300000000003,4,5,5,455,14,Campeones
16613,70,1,618.59,3,1,3,313,7,Necesitan atención
16614,183,3,1179.79,3,3,3,333,9,Necesitan atención
16615,626,1,291.5,1,1,2,112,4,Necesitan atención
16616,15,2,500.42,5,2,2,522,9,Potenciales leales
16617,236,1,151.85,2,1,1,211,4,Necesitan atención
16618,31,5,2647.59,4,4,4,444,12,Campeones
16619,264,4,1938.3300000000002,2,4,4,244,10,En riesgo
16620,4,6,1758.93,5,4,4,544,13,Campeones
16621,52,4,813.48,4,4,3,443,11,Leales
16622,544,1,225.4,1,1,1,111,3,Necesitan atención
16623,246,4,1015.24,2,4,3,243,9,En riesgo
16624,81,2,810.5699999999999,3,2,3,323,8,Necesitan atención
16625,275,5,1654.03,2,4,4,244,10,En riesgo
16626,1,17,4413.1,5,5,5,555,15,Campeones
16627,79,1,322.8,3,1,2,312,6,Necesitan atención
16628,30,7,2318.1,4,4,4,444,12,Campeones
16629,74,2,417.73,3,2,2,322,7,Necesitan atención
16630,407,1,106.80000000000001,2,2,1,221,5,Necesitan atención
16631,482,7,1892.52,1,4,4,144,9,En riesgo
16632,486,2,406.4,1,2,2,122,5,Necesitan atención
16633,17,6,2883.1,5,4,4,544,13,Campeones
16634,223,6,1814.6100000000001,2,4,4,244,10,En riesgo
16635,407,1,473.0,2,2,2,222,6,Necesitan atención
16636,438,4,3802.04,1,4,5,145,10,En riesgo
16637,32,4,1154.47,4,4,3,443,11,Leales
16638,23,15,2430.53,4,5,4,454,13,Campeones
16639,31,4,1747.98,4,4,4,444,12,Campeones
16640,398,1,179.4,2,2,1,221,5,Necesitan atención
16641,106,2,554.5,3,2,2,322,7,Necesitan atención
16642,5,3,1077.45,5,3,3,533,11,Otros
16643,246,2,923.11,2,2,3,223,7,Necesitan atención
16644,178,2,833.78,3,2,3,323,8,Necesitan atención
16645,736,1,160.39000000000001,1,2,1,121,4,Necesitan atención
16646,449,1,678.8,1,2,3,123,6,Necesitan atención
16647,170,4,541.9,3,4,2,342,9,Leales
16648,43,3,672.8,4,3,3,433,10,Otros
16649,520,1,306.58,1,2,2,122,5,Necesitan atención
16650,72,7,1916.11,3,4,4,344,11,Leales
16651,587,1,136.2,1,2,1,121,4,Necesitan atención
16652,59,16,17550.39,4,5,5,455,14,Campeones
16653,16,2,1212.66,5,2,3,523,10,Potenciales leales
16654,141,8,1711.47,3,5,4,354,12,Leales
16655,18,13,6548.37,5,5,5,555,15,Campeones
16656,22,30,15623.57,4,5,5,455,14,Campeones
16657,10,4,933.62,5,4,3,543,12,Leales
16658,368,6,814.07,2,4,3,243,9,En riesgo
16659,189,1,39.12,2,2,1,221,5,Necesitan atención
16660,16,7,1879.55,5,4,4,544,13,Campeones
16661,540,4,986.63,1,4,3,143,8,En riesgo
16662,394,1,163.8,2,2,1,221,5,Necesitan atención
16663,729,1,165.0,1,2,1,121,4,Necesitan atención
16664,569,1,109.2,1,2,1,121,4,Necesitan atención
16665,362,1,135.4,2,2,1,221,5,Necesitan atención
16666,19,2,225.94,5,2,1,521,8,Potenciales leales
16667,68,2,570.13,3,2,2,322,7,Necesitan atención
16668,15,13,862.42,5,5,3,553,13,Leales
16669,24,3,1374.8700000000001,4,3,4,434,11,Otros
16670,17,20,8030.150000000001,5,5,5,555,15,Campeones
16671,28,3,1692.27,4,3,4,434,11,Otros
16672,2,20,8134.9400000000005,5,5,5,555,15,Campeones
16673,679,1,188.83,1,2,1,121,4,Necesitan atención
16674,55,2,319.61,4,2,2,422,8,Potenciales leales
16675,442,2,608.86,1,2,2,122,5,Necesitan atención
16676,34,6,2361.9,4,4,4,444,12,Campeones
16677,411,2,880.62,1,2,3,123,6,Necesitan atención
16678,3,12,3109.99,5,5,5,555,15,Campeones
16679,366,3,793.06,2,3,3,233,8,En riesgo
16680,43,3,821.45,4,3,3,433,10,Otros
16681,73,7,1921.8400000000001,3,4,4,344,11,Leales
16682,5,5,1028.0,5,4,3,543,12,Leales
16683,534,1,320.25,1,2,2,122,5,Necesitan atención
16684,4,53,137007.41,5,5,5,555,15,Campeones
16685,61,2,324.24,3,2,2,322,7,Necesitan atención
16686,47,16,5070.92,4,5,5,455,14,Campeones
16687,391,1,157.63,2,2,1,221,5,Necesitan atención
16688,1,4,1260.86,5,4,4,544,13,Campeones
16689,76,2,422.6,3,2,2,322,7,Necesitan atención
16690,72,4,353.03000000000003,3,4,2,342,9,Leales
16691,418,2,178.83,1,2,1,121,4,Necesitan atención
16692,256,3,1343.5,2,3,4,234,9,En riesgo
16693,69,5,1199.46,3,4,3,343,10,Leales
16694,723,1,98.30000000000001,1,2,1,121,4,Necesitan atención
16695,562,2,193.15,1,2,1,121,4,Necesitan atención
16696,135,4,657.9,3,4,3,343,10,Leales
16697,241,1,112.75,2,2,1,221,5,Necesitan atención
16698,227,2,1998.0,2,2,4,224,8,Otros
16699,380,7,994.6,2,4,3,243,9,En riesgo
16700,9,25,9167.710000000001,5,5,5,555,15,Campeones
16701,9,26,9859.13,5,5,5,555,15,Campeones
16702,415,4,1110.83,1,4,3,143,8,En riesgo
16704,618,2,695.66,1,2,3,123,6,Necesitan atención
16705,1,42,43515.051,5,5,5,555,15,Campeones
16706,37,3,531.35,4,3,2,432,9,Otros
16707,400,4,551.11,2,4,2,242,8,Otros
16708,46,1,656.63,4,2,3,423,9,Potenciales leales
16709,85,14,9087.460000000001,3,5,5,355,13,Leales
16710,19,22,6349.09,5,5,5,555,15,Campeones
16711,3,9,2868.48,5,5,4,554,14,Campeones
16712,9,13,4266.99,5,5,5,555,15,Campeones
16713,19,32,14560.69,5,5,5,555,15,Campeones
16714,219,4,1529.8,2,4,4,244,10,En riesgo
16715,78,2,625.52,3,2,3,323,8,Necesitan atención
16716,267,3,2149.6800000000003,2,3,4,234,9,En riesgo
16717,24,14,6986.2300000000005,4,5,5,455,14,Campeones
16718,369,5,3647.53,2,4,5,245,11,En riesgo
16719,15,14,3973.3,5,5,5,555,15,Campeones
16720,26,3,795.48,4,3,3,433,10,Otros
16721,262,1,292.47,2,2,2,222,6,Necesitan atención
16722,17,22,8989.08,5,5,5,555,15,Campeones
16723,108,3,1136.63,3,3,3,333,9,Necesitan atención
16724,405,1,147.35,2,2,1,221,5,Necesitan atención
16725,302,14,1882.1100000000001,2,5,4,254,11,En riesgo
16726,26,7,2088.41,4,4,4,444,12,Campeones
16727,364,4,1437.42,2,4,4,244,10,En riesgo
16728,46,4,1054.67,4,4,3,443,11,Leales
16729,38,21,7239.92,4,5,5,455,14,Campeones
16730,52,3,743.11,4,3,3,433,10,Otros
16731,648,1,174.05,1,2,1,121,4,Necesitan atención
16732,32,4,4092.64,4,4,5,445,13,Campeones
16733,530,1,259.68,1,2,1,121,4,Necesitan atención
16734,52,3,650.51,4,3,3,433,10,Otros
16735,79,14,6270.56,3,5,5,355,13,Leales
16736,506,5,2956.56,1,4,5,145,10,En riesgo
16737,53,2,835.2,4,2,3,423,9,Potenciales leales
16738,298,1,3.75,2,2,1,221,5,Necesitan atención
16739,177,2,786.4300000000001,3,2,3,323,8,Necesitan atención
16740,395,1,236.81,2,2,1,221,5,Necesitan atención
16741,625,1,173.06,1,2,1,121,4,Necesitan atención
16742,493,13,2387.71,1,5,4,154,10,En riesgo
16743,29,14,4253.26,4,5,5,455,14,Campeones
16744,11,7,1304.76,5,4,4,544,13,Campeones
16745,87,17,7194.3,3,5,5,355,13,Leales
16746,5,42,18066.4,5,5,5,555,15,Campeones
16747,38,2,836.0600000000001,4,2,3,423,9,Potenciales leales
16748,18,14,3637.33,5,5,5,555,15,Campeones
16749,591,2,4387.08,1,2,5,125,8,Otros
16750,45,5,623.9300000000001,4,4,3,443,11,Leales
16751,31,1,1764.72,4,2,4,424,10,Potenciales leales
16752,373,1,415.0,2,2,2,222,6,Necesitan atención
16753,58,1,223.92,4,2,1,421,7,Potenciales leales
16754,428,21,35398.15,1,5,5,155,11,En riesgo
16755,114,7,2900.58,3,4,4,344,11,Leales
16756,215,7,1312.3700000000001,2,4,4,244,10,En riesgo
16757,319,2,270.48,2,2,1,221,5,Necesitan atención
16758,65,1,369.34,3,2,2,322,7,Necesitan atención
16759,8,3,789.79,5,3,3,533,11,Otros
16760,430,1,228.0,1,2,1,121,4,Necesitan atención
16761,97,1,316.62,3,2,2,322,7,Necesitan atención
16762,20,3,1501.38,4,3,4,434,11,Otros
16763,199,2,964.6999999999999,2,2,3,223,7,Necesitan atención
16764,4,13,2799.25,5,5,4,554,14,Campeones
16765,294,2,454.75,2,2,2,222,6,Necesitan atención
16766,273,2,1145.6,2,2,3,223,7,Necesitan atención
16767,31,15,8073.8,4,5,5,455,14,Campeones
16768,48,9,1708.1200000000001,4,5,4,454,13,Campeones
16769,260,4,1141.75,2,4,3,243,9,En riesgo
16770,58,9,1932.13,4,5,4,454,13,Campeones
16771,33,10,3967.6,4,5,5,455,14,Campeones
16772,423,3,3723.5499999999997,1,3,5,135,9,En riesgo
16773,57,3,421.24,4,3,2,432,9,Otros
16774,68,8,1594.45,3,5,4,354,12,Leales
16775,10,16,3056.89,5,5,5,555,15,Campeones
16776,60,2,619.85,3,2,3,323,8,Necesitan atención
16777,80,5,1307.76,3,4,4,344,11,Leales
16778,74,2,245.94,3,2,1,321,6,Necesitan atención
16779,2,53,33268.24,5,5,5,555,15,Campeones
16780,100,3,605.55,3,3,2,332,8,Necesitan atención
16781,372,2,934.25,2,2,3,223,7,Necesitan atención
16782,10,38,10438.41,5,5,5,555,15,Campeones
16783,437,1,391.95,1,2,2,122,5,Necesitan atención
16784,20,5,896.53,4,4,3,443,11,Leales
16785,410,1,533.78,2,2,2,222,6,Necesitan atención
16786,394,1,51.84,2,2,1,221,5,Necesitan atención
16787,398,4,1035.43,2,4,3,243,9,En riesgo
16788,123,5,1950.3,3,4,4,344,11,Leales
16789,8,1,80.80000000000001,5,2,1,521,8,Potenciales leales
16790,4,6,1545.6200000000001,5,4,4,544,13,Campeones
16791,29,15,4038.69,4,5,5,455,14,Campeones
16792,282,5,623.46,2,4,3,243,9,En riesgo
16793,57,1,243.84,4,2,1,421,7,Potenciales leales
16794,1,15,2090.91,5,5,4,554,14,Campeones
16795,365,3,2492.39,2,3,4,234,9,En riesgo
16796,89,1,305.62,3,2,2,322,7,Necesitan atención
16797,393,5,1827.77,2,4,4,244,10,En riesgo
16798,554,3,848.71,1,3,3,133,7,En riesgo
16799,432,2,495.98,1,2,2,122,5,Necesitan atención
16800,11,1,1201.49,5,2,3,523,10,Potenciales leales
16801,163,4,1619.73,3,4,4,344,11,Leales
16802,679,2,582.61,1,2,2,122,5,Necesitan atención
16803,65,1,332.3,3,2,2,322,7,Necesitan atención
16804,23,3,536.99,4,3,2,432,9,Otros
16805,174,5,1097.24,3,4,3,343,10,Leales
16806,103,4,801.49,3,4,3,343,10,Leales
16807,143,6,2123.88,3,4,4,344,11,Leales
16808,99,2,288.42,3,2,2,322,7,Necesitan atención
16809,23,9,1727.43,4,5,4,454,13,Campeones
16810,192,2,842.0400000000001,2,2,3,223,7,Necesitan atención
16811,5,2,547.07,5,3,2,532,10,Otros
16812,361,4,2392.0,2,4,4,244,10,En riesgo
16813,8,10,1692.98,5,5,4,554,14,Campeones
16814,14,36,12499.710000000001,5,5,5,555,15,Campeones
16815,454,2,410.97,1,3,2,132,6,Necesitan atención
16816,103,4,417.06,3,4,2,342,9,Leales
16817,3,13,2804.9,5,5,4,554,14,Campeones
16818,11,11,3349.57,5,5,5,555,15,Campeones
16819,465,2,182.59,1,3,1,131,5,Necesitan atención
16820,96,1,497.61,3,2,2,322,7,Necesitan atención
16821,382,1,113.35,2,2,1,221,5,Necesitan atención
16822,686,1,181.39,1,2,1,121,4,Necesitan atención
16823,227,7,2260.09,2,4,4,244,10,En riesgo
16824,16,3,686.24,5,3,3,533,11,Otros
16825,39,5,1826.89,4,4,4,444,12,Campeones
16826,51,1,341.7,4,2,2,422,8,Potenciales leales
16827,393,5,392.13,2,4,2,242,8,Otros
16828,93,2,128.5,3,3,1,331,7,Necesitan atención
16829,157,2,513.32,3,3,2,332,8,Necesitan atención
16830,39,4,1207.5,4,4,3,443,11,Leales
16831,565,1,91.8,1,2,1,121,4,Necesitan atención
16832,184,5,417.61,3,4,2,342,9,Leales
16833,1,6,2114.04,5,4,4,544,13,Campeones
16834,228,2,898.9599999999999,2,3,3,233,8,En riesgo
16835,128,6,1538.41,3,4,4,344,11,Leales
16836,40,4,782.37,4,4,3,443,11,Leales
16837,31,11,3170.98,4,5,5,455,14,Campeones
16838,197,4,994.61,2,4,3,243,9,En riesgo
16839,9,44,22310.49,5,5,5,555,15,Campeones
16840,603,2,139.85,1,3,1,131,5,Necesitan atención
16841,37,12,4006.06,4,5,5,455,14,Campeones
16842,101,3,1264.19,3,3,4,334,10,Otros
16843,43,35,19571.43,4,5,5,455,14,Campeones
16844,563,2,614.34,1,3,3,133,7,En riesgo
16845,618,1,253.88,1,2,1,121,4,Necesitan atención
16846,50,3,842.41,4,3,3,433,10,Otros
16847,43,2,614.89,4,3,3,433,10,Otros
16848,53,4,1411.6200000000001,4,4,4,444,12,Campeones
16849,187,1,124.57,3,2,1,321,6,Necesitan atención
16850,334,1,332.41,2,2,2,222,6,Necesitan atención
16851,4,3,342.45,5,3,2,532,10,Otros
16852,10,2,144.91,5,3,1,531,9,Otros
16854,417,2,1408.96,1,3,4,134,8,En riesgo
16855,24,2,328.40000000000003,4,3,2,432,9,Otros
16856,15,3,358.49,5,3,2,532,10,Otros
16857,443,1,352.8,1,2,2,122,5,Necesitan atención
16858,369,10,4668.28,2,5,5,255,12,En riesgo
16859,145,7,1932.41,3,4,4,344,11,Leales
16860,453,3,1610.62,1,3,4,134,8,En riesgo
16861,60,5,946.59,3,4,3,343,10,Leales
16862,547,4,662.33,1,4,3,143,8,En riesgo
16863,31,3,998.52,4,3,3,433,10,Otros
16864,434,2,409.25,1,3,2,132,6,Necesitan atención
16865,402,1,130.95,2,2,1,221,5,Necesitan atención
16866,141,3,207.74,3,3,1,331,7,Necesitan atención
16867,690,1,76.74000000000001,1,2,1,121,4,Necesitan atención
16868,394,3,393.39,2,3,2,232,7,Necesitan atención
16869,23,4,825.42,4,4,3,443,11,Leales
16870,469,1,450.16,1,2,2,122,5,Necesitan atención
16871,22,6,2812.34,4,4,4,444,12,Campeones
16872,77,6,1213.13,3,4,3,343,10,Leales
16873,5,12,14267.39,5,5,5,555,15,Campeones
16874,379,1,217.74,2,2,1,221,5,Necesitan atención
16875,67,11,4234.53,3,5,5,355,13,Leales
16876,404,1,136.01,2,2,1,221,5,Necesitan atención
16877,12,6,853.72,5,4,3,543,12,Leales
16878,84,1,13.3,3,2,1,321,6,Necesitan atención
16880,31,8,1840.8600000000001,4,5,4,454,13,Campeones
16882,67,3,705.12,3,3,3,333,9,Necesitan atención
16883,187,19,2396.59,3,5,4,354,12,Leales
16884,38,4,1073.92,4,4,3,443,11,Leales
16885,15,4,710.74,5,4,3,543,12,Leales
16886,456,1,134.0,1,2,1,121,4,Necesitan atención
16887,35,3,660.72,4,3,3,433,10,Otros
16888,401,3,437.15,2,3,2,232,7,Necesitan atención
16889,195,6,2530.9,2,4,4,244,10,En riesgo
16890,477,3,285.41,1,3,1,131,5,Necesitan atención
16891,2,11,2056.82,5,5,4,554,14,Campeones
16892,1,7,762.1,5,4,3,543,12,Leales
16893,367,2,401.77,2,3,2,232,7,Necesitan atención
16894,502,3,1324.06,1,3,4,134,8,En riesgo
16895,65,5,1121.42,3,4,3,343,10,Leales
16896,555,1,103.95,1,2,1,121,4,Necesitan atención
16897,299,2,289.78000000000003,2,3,2,232,7,Necesitan atención
16898,26,5,1016.37,4,4,3,443,11,Leales
16899,8,8,1721.02,5,5,4,554,14,Campeones
16900,17,3,887.11,5,3,3,533,11,Otros
16901,729,1,204.26,1,2,1,121,4,Necesitan atención
16902,116,1,1706.88,3,2,4,324,9,Otros
16903,29,3,1062.28,4,3,3,433,10,Otros
16904,4,21,5132.37,5,5,5,555,15,Campeones
16905,5,17,5034.15,5,5,5,555,15,Campeones
16906,82,7,1448.8,3,4,4,344,11,Leales
16907,29,9,1707.9,4,5,4,454,13,Campeones
16908,722,1,252.59,1,2,1,121,4,Necesitan atención
16909,72,1,379.14,3,2,2,322,7,Necesitan atención
16910,4,8,1510.06,5,5,4,554,14,Campeones
16911,636,2,255.25,1,3,1,131,5,Necesitan atención
16912,29,15,4480.31,4,5,5,455,14,Campeones
16913,290,3,423.90999999999997,2,3,2,232,7,Necesitan atención
16914,36,1,208.46,4,2,1,421,7,Potenciales leales
16915,9,11,1543.18,5,5,4,554,14,Campeones
16916,24,4,1123.4,4,4,3,443,11,Leales
16917,277,2,1857.8300000000002,2,3,4,234,9,En riesgo
16918,50,16,3213.29,4,5,5,455,14,Campeones
16919,156,24,5125.91,3,5,5,355,13,Leales
16920,411,1,355.45,1,2,2,122,5,Necesitan atención
16921,61,3,446.67,3,3,2,332,8,Necesitan atención
16922,573,1,611.08,1,2,2,122,5,Necesitan atención
16923,12,32,13378.36,5,5,5,555,15,Campeones
16924,21,3,846.75,4,3,3,433,10,Otros
16925,540,1,125.65,1,2,1,121,4,Necesitan atención
16926,371,5,1421.35,2,4,4,244,10,En riesgo
16927,116,3,543.05,3,3,2,332,8,Necesitan atención
16928,80,29,4113.23,3,5,5,355,13,Leales
16929,4,7,1295.39,5,4,4,544,13,Campeones
16930,26,3,380.55,4,3,2,432,9,Otros
16931,5,23,5233.62,5,5,5,555,15,Campeones
16932,53,3,440.71,4,3,2,432,9,Otros
16933,1,9,3181.25,5,5,5,555,15,Campeones
16934,55,6,2110.9900000000002,4,4,4,444,12,Campeones
16935,382,3,535.1,2,3,2,232,7,Necesitan atención
16936,26,2,551.17,4,3,2,432,9,Otros
16937,499,1,202.1,1,2,1,121,4,Necesitan atención
16938,9,9,6209.93,5,5,5,555,15,Campeones
16939,489,3,449.0,1,3,2,132,6,Necesitan atención
16940,52,8,6427.66,4,5,5,455,14,Campeones
16941,612,1,33.0,1,2,1,121,4,Necesitan atención
16942,13,9,1920.59,5,5,4,554,14,Campeones
16943,212,3,816.73,2,3,3,233,8,En riesgo
16944,610,1,101.36,1,2,1,121,4,Necesitan atención
16945,22,33,8548.16,4,5,5,455,14,Campeones
16946,383,5,1222.04,2,4,3,243,9,En riesgo
16947,236,5,955.21,2,4,3,243,9,En riesgo
16948,139,7,832.77,3,4,3,343,10,Leales
16949,4,6,1286.27,5,4,4,544,13,Campeones
16950,57,10,3784.37,4,5,5,455,14,Campeones
16951,135,3,1277.75,3,3,4,334,10,Otros
16952,109,5,798.78,3,4,3,343,10,Leales
16953,30,1,20.8,4,2,1,421,7,Potenciales leales
16954,1,20,6081.88,5,5,5,555,15,Campeones
16955,185,6,1309.41,3,4,4,344,11,Leales
16956,18,1,308.74,5,2,2,522,9,Potenciales leales
16957,239,2,416.64,2,3,2,232,7,Necesitan atención
16958,435,1,809.44,1,2,3,123,6,Necesitan atención
16959,87,1,117.35,3,2,1,321,6,Necesitan atención
16960,39,8,2043.43,4,5,4,454,13,Campeones
16961,116,3,794.56,3,3,3,333,9,Necesitan atención
16962,410,1,251.04,2,2,1,221,5,Necesitan atención
16963,187,1,110.55000000000001,3,2,1,321,6,Necesitan atención
16964,733,2,207.85,1,3,1,131,5,Necesitan atención
16965,227,1,201.19,2,2,1,221,5,Necesitan atención
16966,8,7,2154.97,5,4,4,544,13,Campeones
16967,189,1,319.02,2,2,2,222,6,Necesitan atención
16968,4,2,439.43,5,3,2,532,10,Otros
16969,39,3,650.41,4,3,3,433,10,Otros
16970,626,1,71.4,1,2,1,121,4,Necesitan atención
16971,38,1,357.21,4,2,2,422,8,Potenciales leales
16972,383,2,786.25,2,3,3,233,8,En riesgo
16973,386,1,127.0,2,2,1,221,5,Necesitan atención
16974,523,2,365.5,1,3,2,132,6,Necesitan atención
16975,423,3,926.12,1,3,3,133,7,En riesgo
16976,267,1,251.51999999999998,2,2,1,221,5,Necesitan atención
16977,395,4,496.0,2,4,2,242,8,Otros
16978,78,3,768.88,3,3,3,333,9,Necesitan atención
16979,4,9,2859.7400000000002,5,5,4,554,14,Campeones
16980,255,3,1473.33,2,3,4,234,9,En riesgo
16982,61,1,384.06,3,2,2,322,7,Necesitan atención
16983,13,11,3710.2200000000003,5,5,5,555,15,Campeones
16984,88,9,10754.8,3,5,5,355,13,Leales
16985,17,22,10333.16,5,5,5,555,15,Campeones
16986,30,10,3098.75,4,5,5,455,14,Campeones
16987,3,11,2535.9,5,5,4,554,14,Campeones
16988,5,2,382.67,5,3,2,532,10,Otros
16989,7,6,1133.25,5,4,3,543,12,Leales
16990,219,2,344.0,2,3,2,232,7,Necesitan atención
16991,421,1,1041.21,1,2,3,123,6,Necesitan atención
16992,11,13,5476.5,5,5,5,555,15,Campeones
16993,464,2,1950.95,1,3,4,134,8,En riesgo
16996,30,9,2123.61,4,5,4,454,13,Campeones
16997,288,3,702.0,2,3,3,233,8,En riesgo
16998,150,5,402.0,3,4,2,342,9,Leales
16999,23,2,484.82,4,3,2,432,9,Otros
17000,396,2,406.3,2,3,2,232,7,Necesitan atención
17001,1,19,6640.8,5,5,5,555,15,Campeones
17002,86,7,2571.55,3,4,4,344,11,Leales
17003,402,4,830.16,2,4,3,243,9,En riesgo
17004,46,4,2425.16,4,4,4,444,12,Campeones
17005,471,2,742.36,1,3,3,133,7,En riesgo
17006,5,8,1636.32,5,5,4,554,14,Campeones
17007,51,7,1120.1,4,4,3,443,11,Leales
17008,429,1,81.36,1,2,1,121,4,Necesitan atención
17009,551,1,242.06,1,2,1,121,4,Necesitan atención
17010,18,1,195.36,5,2,1,521,8,Potenciales leales
17011,30,3,671.6999999999999,4,3,3,433,10,Otros
17012,725,1,384.16,1,2,2,122,5,Necesitan atención
17014,8,3,586.33,5,3,2,532,10,Otros
17015,29,3,1842.56,4,3,4,434,11,Otros
17016,577,1,552.4,1,2,2,122,5,Necesitan atención
17017,3,29,14110.61,5,5,5,555,15,Campeones
17018,41,6,2287.7,4,4,4,444,12,Campeones
17019,11,11,4012.2,5,5,5,555,15,Campeones
17020,542,2,935.62,1,3,3,133,7,En riesgo
17021,442,6,1182.22,1,4,3,143,8,En riesgo
17022,31,2,260.0,4,3,1,431,8,Otros
17023,417,3,800.1800000000001,1,3,3,133,7,En riesgo
17024,45,3,95.85,4,3,1,431,8,Otros
17025,61,5,1510.6399999999999,3,4,4,344,11,Leales
17026,185,3,208.98000000000002,3,3,1,331,7,Necesitan atención
17027,79,9,1327.11,3,5,4,354,12,Leales
17028,581,3,1593.83,1,3,4,134,8,En riesgo
17029,111,7,2137.3,3,4,4,344,11,Leales
17030,64,1,146.87,3,2,1,321,6,Necesitan atención
17031,12,6,2773.85,5,4,4,544,13,Campeones
17032,548,8,3004.6,1,5,5,155,11,En riesgo
17033,86,4,1332.79,3,4,4,344,11,Leales
17034,16,5,1283.92,5,4,4,544,13,Campeones
17035,246,4,613.59,2,4,3,243,9,En riesgo
17036,383,1,176.9,2,2,1,221,5,Necesitan atención
17037,88,1,1267.32,3,2,4,324,9,Otros
17038,30,2,743.17,4,3,3,433,10,Otros
17039,604,1,1954.99,1,2,4,124,7,Otros
17040,138,2,463.25,3,3,2,332,8,Necesitan atención
17041,27,6,1686.28,4,4,4,444,12,Campeones
17042,3,5,1044.3799999999999,5,4,3,543,12,Leales
17043,32,8,2616.55,4,5,4,454,13,Campeones
17044,25,12,11962.300000000001,4,5,5,455,14,Campeones
17045,113,5,827.6800000000001,3,4,3,343,10,Leales
17046,157,5,1906.07,3,4,4,344,11,Leales
17047,85,6,2289.23,3,4,4,344,11,Leales
17048,118,7,2071.6800000000003,3,4,4,344,11,Leales
17049,3,19,9947.48,5,5,5,555,15,Campeones
17050,96,10,4391.66,3,5,5,355,13,Leales
17051,194,4,714.39,2,4,3,243,9,En riesgo
17052,28,1,413.75,4,2,2,422,8,Potenciales leales
17053,131,1,498.48,3,2,2,322,7,Necesitan atención
17054,28,5,1356.33,4,4,4,444,12,Campeones
17055,446,1,239.55,1,2,1,121,4,Necesitan atención
17056,738,1,128.60000000000002,1,2,1,121,4,Necesitan atención
17057,596,1,294.74,1,2,2,122,5,Necesitan atención
17058,82,3,1179.89,3,3,3,333,9,Necesitan atención
17059,30,9,5602.53,4,5,5,455,14,Campeones
17060,266,1,234.24,2,2,1,221,5,Necesitan atención
17061,74,11,5232.2300000000005,3,5,5,355,13,Leales
17062,314,6,1208.22,2,4,3,243,9,En riesgo
17063,21,13,3638.53,4,5,5,455,14,Campeones
17064,59,3,859.35,4,3,3,433,10,Otros
17065,638,2,194.70000000000002,1,3,1,131,5,Necesitan atención
17066,726,1,228.34,1,2,1,121,4,Necesitan atención
17067,725,3,454.54,1,3,2,132,6,Necesitan atención
17068,12,47,9161.08,5,5,5,555,15,Campeones
17069,28,14,5794.28,4,5,5,455,14,Campeones
17070,114,2,445.32,3,3,2,332,8,Necesitan atención
17071,28,13,3801.2000000000003,4,5,5,455,14,Campeones
17072,625,1,282.05,1,2,1,121,4,Necesitan atención
17073,18,4,1446.09,5,4,4,544,13,Campeones
17074,563,1,203.05,1,2,1,121,4,Necesitan atención
17075,18,10,2241.73,5,5,4,554,14,Campeones
17076,36,6,1242.75,4,4,4,444,12,Campeones
17077,578,1,306.0,1,2,2,122,5,Necesitan atención
17078,36,2,378.2,4,3,2,432,9,Otros
17079,78,1,118.80000000000001,3,2,1,321,6,Necesitan atención
17080,22,7,957.53,4,4,3,443,11,Leales
17081,25,6,964.39,4,4,3,443,11,Leales
17082,33,6,4732.03,4,4,5,445,13,Campeones
17083,109,9,4049.79,3,5,5,355,13,Leales
17084,35,3,5202.97,4,3,5,435,12,Otros
17085,123,28,7891.41,3,5,5,355,13,Leales
17086,7,6,2050.08,5,4,4,544,13,Campeones
17087,738,1,221.53,1,2,1,121,4,Necesitan atención
17088,28,4,1991.01,4,4,4,444,12,Campeones
17089,386,1,128.45,2,2,1,221,5,Necesitan atención
17090,4,13,3149.48,5,5,5,555,15,Campeones
17091,3,19,7811.1,5,5,5,555,15,Campeones
17092,50,11,5594.96,4,5,5,455,14,Campeones
17093,593,1,235.88,1,2,1,121,4,Necesitan atención
17094,322,2,402.20000000000005,2,3,2,232,7,Necesitan atención
17095,23,7,2572.25,4,4,4,444,12,Campeones
17096,15,11,3759.1800000000003,5,5,5,555,15,Campeones
17097,2,9,1340.45,5,5,4,554,14,Campeones
17098,382,3,591.07,2,3,2,232,7,Necesitan atención
17099,533,1,582.17,1,2,2,122,5,Necesitan atención
17100,18,2,971.74,5,3,3,533,11,Otros
17101,10,7,2507.05,5,4,4,544,13,Campeones
17102,262,1,25.5,2,2,1,221,5,Necesitan atención
17103,722,1,424.3,1,2,2,122,5,Necesitan atención
17104,424,1,474.03000000000003,1,2,2,122,5,Necesitan atención
17105,159,2,665.78,3,3,3,333,9,Necesitan atención
17106,389,1,491.23,2,2,2,222,6,Necesitan atención
17107,33,10,16075.42,4,5,5,455,14,Campeones
17108,664,1,174.95,1,2,1,121,4,Necesitan atención
17109,29,8,1295.46,4,5,4,454,13,Campeones
17110,165,3,510.7,3,3,2,332,8,Necesitan atención
17111,47,2,476.58,4,3,2,432,9,Otros
17112,503,1,205.17,1,2,1,121,4,Necesitan atención
17113,574,6,2322.59,1,4,4,144,9,En riesgo
17114,6,8,808.62,5,5,3,553,13,Leales
17115,8,7,2761.4900000000002,5,4,4,544,13,Campeones
17116,648,1,389.78,1,2,2,122,5,Necesitan atención
17117,288,1,116.2,2,2,1,221,5,Necesitan atención
17118,318,1,157.02,2,2,1,221,5,Necesitan atención
17119,3,2,606.91,5,3,2,532,10,Otros
17120,233,1,307.46,2,2,2,222,6,Necesitan atención
17121,403,1,314.74,2,2,2,222,6,Necesitan atención
17122,119,4,570.5,3,4,2,342,9,Leales
17123,162,3,977.1700000000001,3,3,3,333,9,Necesitan atención
17124,185,1,298.89,3,2,2,322,7,Necesitan atención
17125,50,1,259.35,4,2,1,421,7,Potenciales leales
17126,152,9,2070.44,3,5,4,354,12,Leales
17127,429,5,1155.0300000000002,1,4,3,143,8,En riesgo
17128,335,1,157.09,2,2,1,221,5,Necesitan atención
17129,520,1,31.85,1,2,1,121,4,Necesitan atención
17131,5,5,2463.17,5,4,4,544,13,Campeones
17132,452,2,1272.8,1,3,4,134,8,En riesgo
17133,16,12,11010.33,5,5,5,555,15,Campeones
17134,107,3,637.1,3,3,3,333,9,Necesitan atención
17135,16,10,1954.16,5,5,4,554,14,Campeones
17136,662,1,231.68,1,2,1,121,4,Necesitan atención
17137,416,6,1133.63,1,4,3,143,8,En riesgo
17138,276,7,4417.27,2,4,5,245,11,En riesgo
17139,16,25,19419.46,5,5,5,555,15,Campeones
17140,247,1,465.32000000000005,2,2,2,222,6,Necesitan atención
17141,418,4,754.33,1,4,3,143,8,En riesgo
17142,239,4,1088.75,2,4,3,243,9,En riesgo
17143,417,2,924.11,1,3,3,133,7,En riesgo
17144,1,2,984.57,5,3,3,533,11,Otros
17145,513,4,3120.91,1,4,5,145,10,En riesgo
17146,106,13,5860.24,3,5,5,355,13,Leales
17147,23,9,3199.95,4,5,5,455,14,Campeones
17148,52,1,124.88,4,2,1,421,7,Potenciales leales
17149,451,1,143.10000000000002,1,2,1,121,4,Necesitan atención
17150,377,6,1375.65,2,4,4,244,10,En riesgo
17151,735,1,231.90000000000003,1,2,1,121,4,Necesitan atención
17152,195,4,2016.5,2,4,4,244,10,En riesgo
17153,24,1,213.78,4,2,1,421,7,Potenciales leales
17154,75,1,329.34000000000003,3,2,2,322,7,Necesitan atención
17155,18,7,892.46,5,4,3,543,12,Leales
17156,492,1,591.87,1,2,2,122,5,Necesitan atención
17157,8,19,5151.9,5,5,5,555,15,Campeones
17158,32,5,1980.0,4,4,4,444,12,Campeones
17159,22,5,2099.59,4,4,4,444,12,Campeones
17160,31,17,10209.16,4,5,5,455,14,Campeones
17161,444,1,856.01,1,2,3,123,6,Necesitan atención
17162,29,10,1715.46,4,5,4,454,13,Campeones
17163,22,4,699.78,4,4,3,443,11,Leales
17164,33,7,2467.35,4,4,4,444,12,Campeones
17165,284,6,1794.32,2,4,4,244,10,En riesgo
17166,39,2,206.34,4,3,1,431,8,Otros
17167,380,3,867.11,2,3,3,233,8,En riesgo
17168,499,1,400.2,1,2,2,122,5,Necesitan atención
17169,58,3,1156.73,4,3,3,433,10,Otros
17170,374,2,178.68,2,3,1,231,6,Necesitan atención
17171,289,2,384.59000000000003,2,3,2,232,7,Necesitan atención
17172,79,3,956.57,3,3,3,333,9,Necesitan atención
17173,5,8,3766.6,5,5,5,555,15,Campeones
17174,218,1,59.9,2,2,1,221,5,Necesitan atención
17175,44,4,1443.69,4,4,4,444,12,Campeones
17176,202,3,902.3199999999999,2,3,3,233,8,En riesgo
17177,505,1,119.5,1,2,1,121,4,Necesitan atención
17178,731,1,436.71,1,2,2,122,5,Necesitan atención
17179,178,6,1507.26,3,4,4,344,11,Leales
17180,56,11,2256.98,4,5,4,454,13,Campeones
17181,57,3,465.37,4,3,2,432,9,Otros
17182,423,2,321.3,1,3,2,132,6,Necesitan atención
17183,8,6,3347.31,5,4,5,545,14,Campeones
17184,569,2,198.41,1,3,1,131,5,Necesitan atención
17185,592,3,229.46,1,3,1,131,5,Necesitan atención
17186,47,2,144.0,4,3,1,431,8,Otros
17187,227,2,467.71,2,3,2,232,7,Necesitan atención
17188,11,13,4592.93,5,5,5,555,15,Campeones
17189,106,5,957.63,3,4,3,343,10,Leales
17190,59,6,1392.31,4,4,4,444,12,Campeones
17191,28,15,4836.05,4,5,5,455,14,Campeones
17192,536,1,77.83,1,2,1,121,4,Necesitan atención
17193,36,9,2310.04,4,5,4,454,13,Campeones
17194,274,3,812.5,2,3,3,233,8,En riesgo
17195,655,1,562.98,1,2,2,122,5,Necesitan atención
17196,428,1,352.9,1,2,2,122,5,Necesitan atención
17197,30,1,1013.01,4,2,3,423,9,Potenciales leales
17198,24,3,1213.88,4,3,3,433,10,Otros
17199,582,1,145.12,1,2,1,121,4,Necesitan atención
17200,387,4,356.71,2,4,2,242,8,Otros
17201,54,4,1242.04,4,4,4,444,12,Campeones
17202,421,1,160.65,1,2,1,121,4,Necesitan atención
17203,36,10,5575.88,4,5,5,455,14,Campeones
17204,175,9,5504.6900000000005,3,5,5,355,13,Leales
17205,54,3,999.35,4,3,3,433,10,Otros
17206,53,1,204.24,4,2,1,421,7,Potenciales leales
17207,652,1,303.21999999999997,1,2,2,122,5,Necesitan atención
17208,396,1,115.35000000000001,2,2,1,221,5,Necesitan atención
17209,649,3,334.4,1,3,2,132,6,Necesitan atención
17210,393,1,253.37,2,2,1,221,5,Necesitan atención
17211,27,13,4046.65,4,5,5,455,14,Campeones
17212,253,3,794.41,2,3,3,233,8,En riesgo
17213,40,13,5182.3,4,5,5,455,14,Campeones
17214,60,6,1069.1200000000001,3,4,3,343,10,Leales
17215,464,1,186.15,1,2,1,121,4,Necesitan atención
17216,554,1,65.05,1,2,1,121,4,Necesitan atención
17217,234,2,218.0,2,3,1,231,6,Necesitan atención
17218,4,18,4192.68,5,5,5,555,15,Campeones
17219,32,2,259.13,4,3,1,431,8,Otros
17220,24,21,4481.75,4,5,5,455,14,Campeones
17221,7,5,978.52,5,4,3,543,12,Leales
17222,65,6,1605.01,3,4,4,344,11,Leales
17223,310,3,873.53,2,3,3,233,8,En riesgo
17224,501,1,100.86,1,2,1,121,4,Necesitan atención
17225,582,1,131.15,1,2,1,121,4,Necesitan atención
17226,309,3,900.12,2,3,3,233,8,En riesgo
17227,19,12,2022.03,5,5,4,554,14,Campeones
17228,16,13,3177.24,5,5,5,555,15,Campeones
17229,96,2,318.76,3,3,2,332,8,Necesitan atención
17230,264,18,9924.95,2,5,5,255,12,En riesgo
17231,12,25,7197.04,5,5,5,555,15,Campeones
17232,3,2,421.52,5,3,2,532,10,Otros
17233,35,3,560.86,4,3,2,432,9,Otros
17234,183,1,149.89,3,2,1,321,6,Necesitan atención
17235,25,8,1904.88,4,5,4,454,13,Campeones
17236,13,12,1929.26,5,5,4,554,14,Campeones
17237,11,4,1002.08,5,4,3,543,12,Leales
17238,3,32,7783.1,5,5,5,555,15,Campeones
17239,313,4,1189.45,2,4,3,243,9,En riesgo
17240,596,1,130.60000000000002,1,2,1,121,4,Necesitan atención
17241,385,12,2744.14,2,5,4,254,11,En riesgo
17242,108,5,2889.28,3,4,4,344,11,Leales
17243,1,69,20889.86,5,5,5,555,15,Campeones
17244,53,5,1826.04,4,4,4,444,12,Campeones
17245,205,2,371.63,2,3,2,232,7,Necesitan atención
17246,547,2,38.92,1,3,1,131,5,Necesitan atención
17247,15,1,282.19,5,2,1,521,8,Potenciales leales
17248,120,2,546.16,3,3,2,332,8,Necesitan atención
17249,429,1,68.03,1,2,1,121,4,Necesitan atención
17250,4,2,384.52,5,3,2,532,10,Otros
17251,363,3,812.4300000000001,2,3,3,233,8,En riesgo
17252,117,2,353.86,3,3,2,332,8,Necesitan atención
17253,18,1,178.26,5,2,1,521,8,Potenciales leales
17254,5,3,470.72999999999996,5,3,2,532,10,Otros
17255,41,4,799.13,4,4,3,443,11,Leales
17256,107,5,498.93,3,4,2,342,9,Leales
17257,436,2,192.73,1,3,1,131,5,Necesitan atención
17258,397,2,417.3,2,3,2,232,7,Necesitan atención
17259,148,6,1889.34,3,4,4,344,11,Leales
17260,411,1,120.95,1,2,1,121,4,Necesitan atención
17261,510,1,230.44,1,2,1,121,4,Necesitan atención
17262,52,11,2757.62,4,5,4,454,13,Campeones
17263,208,1,63.44,2,2,1,221,5,Necesitan atención
17264,424,1,279.59,1,2,1,121,4,Necesitan atención
17265,139,2,562.9,3,3,2,332,8,Necesitan atención
17266,2,5,517.73,5,4,2,542,11,Leales
17267,127,2,317.62,3,3,2,332,8,Necesitan atención
17268,108,11,1733.8899999999999,3,5,4,354,12,Leales
17269,386,1,537.46,2,2,2,222,6,Necesitan atención
17270,469,2,604.4,1,3,2,132,6,Necesitan atención
17271,736,1,210.39000000000001,1,2,1,121,4,Necesitan atención
17272,42,4,2148.63,4,4,4,444,12,Campeones
17273,424,1,141.12,1,2,1,121,4,Necesitan atención
17274,35,2,577.38,4,3,2,432,9,Otros
17275,383,1,114.52,2,2,1,221,5,Necesitan atención
17276,402,1,508.39,2,2,2,222,6,Necesitan atención
17277,228,2,1065.3500000000001,2,3,3,233,8,En riesgo
17278,241,2,271.24,2,3,1,231,6,Necesitan atención
17279,58,1,187.82999999999998,4,2,1,421,7,Potenciales leales
17280,438,1,118.86,1,2,1,121,4,Necesitan atención
17281,374,6,797.85,2,4,3,243,9,En riesgo
17282,130,5,2339.66,3,4,4,344,11,Leales
17283,379,1,188.46,2,2,1,221,5,Necesitan atención
17284,60,7,2563.7,3,4,4,344,11,Leales
17285,628,2,428.34,1,3,2,132,6,Necesitan atención
17286,22,3,395.48,4,3,2,432,9,Otros
17287,26,21,4111.96,4,5,5,455,14,Campeones
17288,9,11,2499.98,5,5,4,554,14,Campeones
17289,32,9,2079.39,4,5,4,454,13,Campeones
17290,4,8,1501.44,5,5,4,554,14,Campeones
17291,308,1,550.8000000000001,2,2,2,222,6,Necesitan atención
17292,472,2,271.75,1,3,1,131,5,Necesitan atención
17293,8,17,3774.23,5,5,5,555,15,Campeones
17294,669,2,467.79,1,3,2,132,6,Necesitan atención
17295,29,3,556.95,4,3,2,432,9,Otros
17296,730,1,338.13,1,2,2,122,5,Necesitan atención
17297,17,1,131.78,5,2,1,521,8,Potenciales leales
17298,101,5,957.56,3,4,3,343,10,Leales
17299,12,6,1016.08,5,4,3,543,12,Leales
17300,391,2,393.64,2,3,2,232,7,Necesitan atención
17301,21,2,330.43,4,3,2,432,9,Otros
17302,15,5,1135.63,5,4,3,543,12,Leales
17303,361,1,250.04,2,2,1,221,5,Necesitan atención
17304,534,1,111.5,1,2,1,121,4,Necesitan atención
17305,649,1,2135.46,1,2,4,124,7,Otros
17306,11,19,8450.35,5,5,5,555,15,Campeones
17307,395,11,3999.89,2,5,5,255,12,En riesgo
17308,393,1,666.72,2,2,3,223,7,Necesitan atención
17309,95,3,330.59,3,3,2,332,8,Necesitan atención
17310,387,2,1025.1,2,3,3,233,8,En riesgo
17311,78,6,3566.56,3,4,5,345,12,Leales
17312,139,3,644.3,3,3,3,333,9,Necesitan atención
17313,31,1,2328.84,4,2,4,424,10,Potenciales leales
17314,25,17,4904.43,4,5,5,455,14,Campeones
17315,2,43,9650.6,5,5,5,555,15,Campeones
17316,420,1,124.45,1,2,1,121,4,Necesitan atención
17317,46,2,2066.1,4,3,4,434,11,Otros
17318,725,1,164.28,1,2,1,121,4,Necesitan atención
17319,669,1,29.1,1,2,1,121,4,Necesitan atención
17320,100,6,2895.77,3,4,4,344,11,Leales
17321,8,6,1741.18,5,4,4,544,13,Campeones
17322,376,5,922.59,2,4,3,243,9,En riesgo
17323,15,12,1565.59,5,5,4,554,14,Campeones
17324,18,12,2301.87,5,5,4,554,14,Campeones
17325,280,3,609.5699999999999,2,3,2,232,7,Necesitan atención
17326,408,2,321.95,2,3,2,232,7,Necesitan atención
17327,410,2,152.35,2,3,1,231,6,Necesitan atención
17328,673,1,104.7,1,2,1,121,4,Necesitan atención
17329,14,5,1004.4300000000001,5,4,3,543,12,Leales
17330,23,4,423.8,4,4,2,442,10,Leales
17331,124,1,175.2,3,2,1,321,6,Necesitan atención
17332,528,5,838.27,1,4,3,143,8,En riesgo
17333,86,1,494.25,3,2,2,322,7,Necesitan atención
17334,302,3,635.15,2,3,3,233,8,En riesgo
17335,384,2,508.0,2,3,2,232,7,Necesitan atención
17336,472,1,81.12,1,2,1,121,4,Necesitan atención
17337,151,4,2027.87,3,4,4,344,11,Leales
17338,17,17,12142.57,5,5,5,555,15,Campeones
17339,94,3,362.36,3,3,2,332,8,Necesitan atención
17340,30,18,22404.82,4,5,5,455,14,Campeones
17341,157,5,1889.83,3,4,4,344,11,Leales
17342,380,4,1227.54,2,4,4,244,10,En riesgo
17343,355,6,1259.94,2,4,4,244,10,En riesgo
17344,46,2,468.11,4,3,2,432,9,Otros
17345,15,10,1604.68,5,5,4,554,14,Campeones
17346,4,26,5323.0,5,5,5,555,15,Campeones
17347,86,1,228.96,3,2,1,321,6,Necesitan atención
17348,15,9,2476.41,5,5,4,554,14,Campeones
17349,179,5,852.25,3,4,3,343,10,Leales
17350,8,7,1906.041,5,4,4,544,13,Campeones
17351,36,12,1988.23,4,5,4,454,13,Campeones
17352,696,1,36.25,1,2,1,121,4,Necesitan atención
17353,129,4,3242.0,3,4,5,345,12,Leales
17354,51,4,3143.46,4,4,5,445,13,Campeones
17355,386,1,285.11,2,2,1,221,5,Necesitan atención
17356,312,5,946.47,2,4,3,243,9,En riesgo
17357,24,2,388.14,4,3,2,432,9,Otros
17358,303,5,866.0500000000001,2,4,3,243,9,En riesgo
17359,11,2,284.46,5,3,1,531,9,Otros
17360,17,6,1231.38,5,4,4,544,13,Campeones
17361,49,5,880.64,4,4,3,443,11,Leales
17362,239,7,1024.04,2,4,3,243,9,En riesgo
17363,395,3,940.86,2,3,3,233,8,En riesgo
17364,1,27,11711.95,5,5,5,555,15,Campeones
17365,13,15,8224.98,5,5,5,555,15,Campeones
17366,432,2,1096.24,1,3,3,133,7,En riesgo
17367,238,1,168.4,2,2,1,221,5,Necesitan atención
17368,23,14,2826.14,4,5,4,454,13,Campeones
17370,73,4,446.18,3,4,2,342,9,Leales
17371,17,6,662.55,5,4,3,543,12,Leales
17372,41,28,4377.56,4,5,5,455,14,Campeones
17373,40,7,1167.5,4,4,3,443,11,Leales
17374,219,3,727.11,2,3,3,233,8,En riesgo
17375,199,4,660.55,2,4,3,243,9,En riesgo
17376,71,4,453.64,3,4,2,342,9,Leales
17377,24,78,18319.41,4,5,5,455,14,Campeones
17378,374,1,10.95,2,2,1,221,5,Necesitan atención
17379,11,1,404.66,5,2,2,522,9,Potenciales leales
17380,434,3,645.0,1,3,3,133,7,En riesgo
17381,9,35,27228.93,5,5,5,555,15,Campeones
17382,65,8,902.28,3,5,3,353,11,Leales
17383,4,2,309.99,5,3,2,532,10,Otros
17384,19,3,507.54999999999995,5,3,2,532,10,Otros
17385,15,1,261.11,5,2,1,521,8,Potenciales leales
17386,8,7,1961.0100000000002,5,4,4,544,13,Campeones
17387,20,2,784.11,4,3,3,433,10,Otros
17388,78,11,2691.57,3,5,4,354,12,Leales
17389,1,61,57224.68,5,5,5,555,15,Campeones
17390,421,1,149.29999999999998,1,2,1,121,4,Necesitan atención
17391,164,2,508.8,3,3,2,332,8,Necesitan atención
17392,307,3,626.56,2,3,3,233,8,En riesgo
17393,411,2,381.15,1,3,2,132,6,Necesitan atención
17394,219,1,203.86999999999998,2,2,1,221,5,Necesitan atención
17395,508,1,97.5,1,2,1,121,4,Necesitan atención
17396,39,14,8807.1,4,5,5,455,14,Campeones
17397,22,3,1233.18,4,3,4,434,11,Otros
17398,115,3,653.38,3,3,3,333,9,Necesitan atención
17400,126,8,4677.05,3,5,5,355,13,Leales
17401,541,1,114.85,1,2,1,121,4,Necesitan atención
17402,5,23,5096.18,5,5,5,555,15,Campeones
17403,36,2,400.57,4,3,2,432,9,Otros
17404,4,23,41587.92,5,5,5,555,15,Campeones
17405,1,3,1031.41,5,3,3,533,11,Otros
17406,333,13,4610.05,2,5,5,255,12,En riesgo
17407,412,1,552.9,1,2,2,122,5,Necesitan atención
17408,163,3,316.09000000000003,3,3,2,332,8,Necesitan atención
17409,185,10,7793.51,3,5,5,355,13,Leales
17410,16,5,1214.72,5,4,3,543,12,Leales
17411,12,5,1425.38,5,4,4,544,13,Campeones
17412,3,16,3827.52,5,5,5,555,15,Campeones
17413,405,2,560.14,2,3,2,232,7,Necesitan atención
17414,185,5,841.9200000000001,3,4,3,343,10,Leales
17415,80,1,507.84,3,2,2,322,7,Necesitan atención
17416,30,22,17298.45,4,5,5,455,14,Campeones
17417,549,1,164.18,1,2,1,121,4,Necesitan atención
17418,42,3,670.0600000000001,4,3,3,433,10,Otros
17419,11,18,6500.52,5,5,5,555,15,Campeones
17420,50,6,1084.43,4,4,3,443,11,Leales
17421,386,3,1059.41,2,3,3,233,8,En riesgo
17422,16,11,3594.76,5,5,5,555,15,Campeones
17423,46,3,1118.95,4,3,3,433,10,Otros
17425,19,2,759.17,5,3,3,533,11,Otros
17426,8,13,8077.77,5,5,5,555,15,Campeones
17427,72,1,100.8,3,2,1,321,6,Necesitan atención
17428,1,45,31704.56,5,5,5,555,15,Campeones
17429,128,5,1357.46,3,4,4,344,11,Leales
17430,33,4,735.17,4,4,3,443,11,Leales
17431,313,1,403.3,2,2,2,222,6,Necesitan atención
17432,18,9,1751.39,5,5,4,554,14,Campeones
17433,88,2,569.96,3,3,2,332,8,Necesitan atención
17434,2,7,2373.82,5,4,4,544,13,Campeones
17435,411,1,331.35,1,2,2,122,5,Necesitan atención
17436,2,5,534.0600000000001,5,4,2,542,11,Leales
17437,530,1,373.17,1,2,2,122,5,Necesitan atención
17438,254,5,1422.77,2,4,4,244,10,En riesgo
17439,656,1,325.74,1,2,2,122,5,Necesitan atención
17440,157,4,323.58,3,4,2,342,9,Leales
17441,732,1,293.35,1,2,2,122,5,Necesitan atención
17442,37,15,4620.3,4,5,5,455,14,Campeones
17444,152,2,2389.1,3,3,4,334,10,Otros
17446,177,2,120.89999999999999,3,3,1,331,7,Necesitan atención
17447,40,2,541.53,4,3,2,432,9,Otros
17448,497,46,14556.97,1,5,5,155,11,En riesgo
17449,2,13,4951.15,5,5,5,555,15,Campeones
17450,8,48,137451.93,5,5,5,555,15,Campeones
17451,1,7,1721.4,5,4,4,544,13,Campeones
17453,18,2,486.72,5,3,2,532,10,Otros
17454,192,10,1547.94,2,5,4,254,11,En riesgo
17455,204,1,131.7,2,2,1,221,5,Necesitan atención
17456,365,2,1225.42,2,3,3,233,8,En riesgo
17457,127,14,5984.81,3,5,5,355,13,Leales
17458,15,2,529.58,5,3,2,532,10,Otros
17459,43,2,657.3,4,3,3,433,10,Otros
17460,94,16,2228.27,3,5,4,354,12,Leales
17461,23,3,757.46,4,3,3,433,10,Otros
17462,60,2,675.69,3,3,3,333,9,Necesitan atención
17463,16,7,2557.91,5,4,4,544,13,Campeones
17464,158,3,1000.94,3,3,3,333,9,Necesitan atención
17465,426,7,2542.79,1,4,4,144,9,En riesgo
17466,10,2,763.28,5,3,3,533,11,Otros
17467,395,1,102.6,2,2,1,221,5,Necesitan atención
17468,10,3,194.8,5,3,1,531,9,Otros
17469,16,17,5051.25,5,5,5,555,15,Campeones
17470,45,11,2804.87,4,5,4,454,13,Campeones
17471,475,1,321.65000000000003,1,2,2,122,5,Necesitan atención
17472,191,4,935.1,2,4,3,243,9,En riesgo
17473,409,2,607.0,2,3,2,232,7,Necesitan atención
17474,600,1,1047.0,1,2,3,123,6,Necesitan atención
17475,79,1,194.37,3,2,1,321,6,Necesitan atención
17476,396,2,489.86,2,3,2,232,7,Necesitan atención
17477,613,2,1144.3,1,3,3,133,7,En riesgo
17478,408,2,1272.8000000000002,2,3,4,234,9,En riesgo
17479,633,1,389.26,1,2,2,122,5,Necesitan atención
17480,78,2,902.03,3,3,3,333,9,Necesitan atención
17481,4,4,1255.59,5,4,4,544,13,Campeones
17482,487,2,778.19,1,3,3,133,7,En riesgo
17483,65,4,591.73,3,4,2,342,9,Leales
17484,576,2,209.57,1,3,1,131,5,Necesitan atención
17486,261,1,396.87,2,2,2,222,6,Necesitan atención
17487,728,1,160.55,1,2,1,121,4,Necesitan atención
17488,641,1,336.5,1,2,2,122,5,Necesitan atención
17489,59,2,376.64,4,3,2,432,9,Otros
17490,1,9,2750.5,5,5,4,554,14,Campeones
17491,1,17,5981.07,5,5,5,555,15,Campeones
17492,248,3,1122.42,2,3,3,233,8,En riesgo
17493,385,1,100.91,2,2,1,221,5,Necesitan atención
17494,502,1,54.7,1,2,1,121,4,Necesitan atención
17495,8,3,806.72,5,3,3,533,11,Otros
17496,359,4,1412.89,2,4,4,244,10,En riesgo
17497,390,2,287.25,2,3,2,232,7,Necesitan atención
17498,76,1,272.21999999999997,3,2,1,321,6,Necesitan atención
17499,290,2,1341.3899999999999,2,3,4,234,9,En riesgo
17500,17,3,1138.0,5,3,3,533,11,Otros
17501,221,2,288.6,2,3,2,232,7,Necesitan atención
17502,9,4,689.1,5,4,3,543,12,Leales
17503,3,2,558.96,5,3,2,532,10,Otros
17504,206,18,9565.12,2,5,5,255,12,En riesgo
17505,162,5,2435.48,3,4,4,344,11,Leales
17506,76,1,302.2,3,2,2,322,7,Necesitan atención
17507,262,2,605.58,2,3,2,232,7,Necesitan atención
17508,281,8,4579.23,2,5,5,255,12,En riesgo
17509,58,8,6115.14,4,5,5,455,14,Campeones
17510,25,2,514.56,4,3,2,432,9,Otros
17511,3,60,175334.75,5,5,5,555,15,Campeones
17512,29,18,5467.820000000001,4,5,5,455,14,Campeones
17513,72,3,1158.8,3,3,3,333,9,Necesitan atención
17514,128,2,542.83,3,3,2,332,8,Necesitan atención
17515,31,9,1617.46,4,5,4,454,13,Campeones
17516,15,6,957.55,5,4,3,543,12,Leales
17517,309,1,153.94,2,2,1,221,5,Necesitan atención
17518,426,2,329.42,1,3,2,132,6,Necesitan atención
17519,17,15,5109.47,5,5,5,555,15,Campeones
17520,54,1,546.81,4,2,2,422,8,Potenciales leales
17521,30,5,1278.06,4,4,4,444,12,Campeones
17522,2,5,1070.71,5,4,3,543,12,Leales
17523,11,4,652.74,5,4,3,543,12,Leales
17524,361,3,539.14,2,3,2,232,7,Necesitan atención
17525,360,3,1161.9,2,3,3,233,8,En riesgo
17526,5,12,4166.04,5,5,5,555,15,Campeones
17527,54,4,939.37,4,4,3,443,11,Leales
17528,1,8,3628.5,5,5,5,555,15,Campeones
17529,610,2,1240.25,1,3,4,134,8,En riesgo
17530,1,12,3141.51,5,5,5,555,15,Campeones
17531,190,3,1266.82,2,3,4,234,9,En riesgo
17532,386,1,65.34,2,2,1,221,5,Necesitan atención
17533,435,1,34.8,1,2,1,121,4,Necesitan atención
17534,54,5,1668.83,4,4,4,444,12,Campeones
17535,280,1,164.4,2,2,1,221,5,Necesitan atención
17536,177,3,364.83,3,3,2,332,8,Necesitan atención
17537,30,2,897.62,4,3,3,433,10,Otros
17538,26,1,98.42,4,2,1,421,7,Potenciales leales
17539,618,4,1226.57,1,4,4,144,9,En riesgo
17540,25,6,1590.6000000000001,4,4,4,444,12,Campeones
17541,510,1,124.46,1,2,1,121,4,Necesitan atención
17542,270,3,341.7,2,3,2,232,7,Necesitan atención
17543,550,1,120.05,1,2,1,121,4,Necesitan atención
17544,390,3,960.69,2,3,3,233,8,En riesgo
17545,43,6,1448.54,4,4,4,444,12,Campeones
17547,376,2,727.85,2,3,3,233,8,En riesgo
17548,234,4,731.26,2,4,3,243,9,En riesgo
17549,24,2,148.86,4,3,1,431,8,Otros
17550,197,9,2547.64,2,5,4,254,11,En riesgo
17551,359,1,306.84,2,2,2,222,6,Necesitan atención
17552,60,12,3085.29,3,5,5,355,13,Leales
17553,130,3,1757.6,3,3,4,334,10,Otros
17554,1,5,1952.45,5,4,4,544,13,Campeones
17555,20,5,1057.74,4,4,3,443,11,Leales
17556,206,2,300.67,2,3,2,232,7,Necesitan atención
17557,14,4,575.46,5,4,2,542,11,Leales
17558,393,1,259.17,2,2,1,221,5,Necesitan atención
17559,513,1,167.62,1,2,1,121,4,Necesitan atención
17560,95,8,1895.8,3,5,4,354,12,Leales
17561,19,4,722.34,5,4,3,543,12,Leales
17562,14,7,1122.38,5,4,3,543,12,Leales
17563,578,2,392.38,1,3,2,132,6,Necesitan atención
17564,24,3,454.01,4,3,2,432,9,Otros
17565,587,1,131.83,1,2,1,121,4,Necesitan atención
17566,8,2,901.21,5,3,3,533,11,Otros
17567,7,9,5356.03,5,5,5,555,15,Campeones
17568,633,1,382.79,1,2,2,122,5,Necesitan atención
17569,332,1,344.14,2,2,2,222,6,Necesitan atención
17570,382,1,100.0,2,2,1,221,5,Necesitan atención
17571,50,5,1703.75,4,4,4,444,12,Campeones
17572,71,10,723.0100000000001,3,5,3,353,11,Leales
17573,29,3,380.6,4,3,2,432,9,Otros
17574,243,1,185.65,2,2,1,221,5,Necesitan atención
17575,667,1,171.7,1,2,1,121,4,Necesitan atención
17576,8,41,9056.81,5,5,5,555,15,Campeones
17577,645,2,348.75,1,3,2,132,6,Necesitan atención
17578,218,7,1047.33,2,4,3,243,9,En riesgo
17579,5,4,753.28,5,4,3,543,12,Leales
17580,253,5,545.27,2,4,2,242,8,Otros
17581,1,42,18367.75,5,5,5,555,15,Campeones
17582,236,5,1450.7,2,4,4,244,10,En riesgo
17583,560,1,135.95,1,2,1,121,4,Necesitan atención
17584,7,6,5309.42,5,4,5,545,14,Campeones
17585,109,7,2093.3,3,4,4,344,11,Leales
17586,619,1,167.4,1,2,1,121,4,Necesitan atención
17587,628,1,181.66,1,2,1,121,4,Necesitan atención
17588,100,7,2939.55,3,4,5,345,12,Leales
17589,60,18,14049.87,3,5,5,355,13,Leales
17590,2,3,1479.22,5,3,4,534,12,Otros
17591,73,8,2776.67,3,5,4,354,12,Leales
17592,739,1,148.3,1,2,1,121,4,Necesitan atención
17593,4,11,8095.8,5,5,5,555,15,Campeones
17594,85,4,2497.88,3,4,4,344,11,Leales
17595,12,2,388.79,5,3,2,532,10,Otros
17596,23,13,4920.67,4,5,5,455,14,Campeones
17597,214,5,3484.09,2,4,5,245,11,En riesgo
17598,381,1,409.98,2,2,2,222,6,Necesitan atención
17599,478,1,52.05,1,2,1,121,4,Necesitan atención
17600,18,1,161.67000000000002,5,2,1,521,8,Potenciales leales
17601,239,2,421.48,2,3,2,232,7,Necesitan atención
17602,2,14,7451.13,5,5,5,555,15,Campeones
17603,78,4,1793.48,3,4,4,344,11,Leales
17604,217,6,945.9300000000001,2,4,3,243,9,En riesgo
17605,590,1,160.75,1,2,1,121,4,Necesitan atención
17606,737,1,87.30000000000001,1,2,1,121,4,Necesitan atención
17607,376,1,333.81,2,2,2,222,6,Necesitan atención
17608,33,4,498.53,4,4,2,442,10,Leales
17609,41,11,1894.34,4,5,4,454,13,Campeones
17610,540,5,1529.49,1,4,4,144,9,En riesgo
17611,7,28,8371.98,5,5,5,555,15,Campeones
17612,53,18,5394.86,4,5,5,455,14,Campeones
17613,23,14,4559.150000000001,4,5,5,455,14,Campeones
17614,57,1,390.07,4,2,2,422,8,Potenciales leales
17615,130,6,733.2,3,4,3,343,10,Leales
17616,174,4,1060.8,3,4,3,343,10,Leales
17617,559,1,395.33,1,2,2,122,5,Necesitan atención
17618,6,11,4073.2400000000002,5,5,5,555,15,Campeones
17619,312,1,218.52,2,2,1,221,5,Necesitan atención
17620,60,1,81.44,3,2,1,321,6,Necesitan atención
17621,21,6,3175.12,4,4,5,445,13,Campeones
17622,598,2,1130.21,1,3,3,133,7,En riesgo
17623,33,7,2383.67,4,4,4,444,12,Campeones
17624,15,4,1568.63,5,4,4,544,13,Campeones
17625,18,8,6067.8,5,5,5,555,15,Campeones
17626,603,1,254.0,1,2,1,121,4,Necesitan atención
17627,479,1,296.36,1,2,2,122,5,Necesitan atención
17628,81,1,75.75,3,2,1,321,6,Necesitan atención
17629,6,10,2455.52,5,5,4,554,14,Campeones
17630,170,2,503.59999999999997,3,3,2,332,8,Necesitan atención
17631,2,7,998.49,5,4,3,543,12,Leales
17633,31,7,2057.39,4,4,4,444,12,Campeones
17634,36,9,2361.97,4,5,4,454,13,Campeones
17635,424,3,1265.58,1,3,4,134,8,En riesgo
17636,19,1,285.56,5,2,1,521,8,Potenciales leales
17637,31,2,547.0600000000001,4,3,2,432,9,Otros
17638,647,2,842.4000000000001,1,3,3,133,7,En riesgo
17639,276,6,615.17,2,4,3,243,9,En riesgo
17640,87,6,3168.94,3,4,5,345,12,Leales
17642,120,5,1824.49,3,4,4,344,11,Leales
17643,373,2,541.25,2,3,2,232,7,Necesitan atención
17644,1,20,6028.6,5,5,5,555,15,Campeones
17646,219,12,4149.79,2,5,5,255,12,En riesgo
17647,65,3,331.65999999999997,3,3,2,332,8,Necesitan atención
17648,61,5,2216.37,3,4,4,344,11,Leales
17649,138,3,1578.89,3,3,4,334,10,Otros
17650,21,1,166.07999999999998,4,2,1,421,7,Potenciales leales
17651,12,16,5703.52,5,5,5,555,15,Campeones
17652,25,12,4867.72,4,5,5,455,14,Campeones
17653,37,4,1207.56,4,4,3,443,11,Leales
17654,277,1,117.55,2,2,1,221,5,Necesitan atención
17655,11,9,3652.48,5,5,5,555,15,Campeones
17656,73,5,1674.69,3,4,4,344,11,Leales
17657,430,1,126.0,1,2,1,121,4,Necesitan atención
17658,26,2,595.42,4,3,2,432,9,Otros
17659,17,14,3834.79,5,5,5,555,15,Campeones
17660,141,2,359.46999999999997,3,3,2,332,8,Necesitan atención
17662,662,2,412.92,1,3,2,132,6,Necesitan atención
17663,26,17,5175.83,4,5,5,455,14,Campeones
17664,19,4,1166.23,5,4,3,543,12,Leales
17665,493,1,563.1,1,2,2,122,5,Necesitan atención
17666,4,5,2047.8,5,4,4,544,13,Campeones
17667,66,9,3950.7,3,5,5,355,13,Leales
17668,1,2,347.75,5,3,2,532,10,Otros
17669,43,10,6142.35,4,5,5,455,14,Campeones
17670,228,1,205.7,2,2,1,221,5,Necesitan atención
17671,16,5,2403.34,5,4,4,544,13,Campeones
17672,50,7,5778.63,4,4,5,445,13,Campeones
17673,2,13,4233.58,5,5,5,555,15,Campeones
17674,74,2,851.7,3,3,3,333,9,Necesitan atención
17675,1,70,38259.6,5,5,5,555,15,Campeones
17676,4,10,2765.84,5,5,4,554,14,Campeones
17677,2,54,36692.91,5,5,5,555,15,Campeones
17678,264,2,599.76,2,3,2,232,7,Necesitan atención
17679,53,7,3577.61,4,4,5,445,13,Campeones
17680,24,3,497.45000000000005,4,3,2,432,9,Otros
17681,597,5,731.2,1,4,3,143,8,En riesgo
17682,10,11,4456.78,5,5,5,555,15,Campeones
17683,386,3,819.01,2,3,3,233,8,En riesgo
17684,44,1,239.41,4,2,1,421,7,Potenciales leales
17685,17,12,5943.17,5,5,5,555,15,Campeones
17686,7,9,8296.81,5,5,5,555,15,Campeones
17687,421,1,432.68,1,2,2,122,5,Necesitan atención
17688,394,1,304.2,2,2,2,222,6,Necesitan atención
17689,388,2,317.08,2,3,2,232,7,Necesitan atención
17690,30,20,7448.1,4,5,5,455,14,Campeones
17691,358,4,780.0500000000001,2,4,3,243,9,En riesgo
17692,127,12,2975.8,3,5,5,355,13,Leales
17693,137,1,200.47,3,2,1,321,6,Necesitan atención
17694,142,3,1695.97,3,3,4,334,10,Otros
17695,132,5,1746.04,3,4,4,344,11,Leales
17696,38,27,7679.59,4,5,5,455,14,Campeones
17697,236,1,338.95000000000005,2,2,2,222,6,Necesitan atención
17698,261,1,154.95,2,2,1,221,5,Necesitan atención
17699,477,2,442.0,1,3,2,132,6,Necesitan atención
17700,17,14,6679.97,5,5,5,555,15,Campeones
17701,253,1,417.95,2,2,2,222,6,Necesitan atención
17702,30,6,3144.04,4,4,5,445,13,Campeones
17703,35,4,1094.84,4,4,3,443,11,Leales
17704,169,2,885.19,3,3,3,333,9,Necesitan atención
17705,3,11,2083.9,5,5,4,554,14,Campeones
17706,4,31,20749.98,5,5,5,555,15,Campeones
17707,185,8,609.3,3,5,2,352,10,Leales
17708,188,4,887.9300000000001,3,4,3,343,10,Leales
17709,170,5,671.01,3,4,3,343,10,Leales
17710,424,1,293.5,1,2,2,122,5,Necesitan atención
17711,11,2,385.1,5,3,2,532,10,Otros
17712,45,1,522.91,4,2,2,422,8,Potenciales leales
17713,382,4,1198.09,2,4,3,243,9,En riesgo
17714,321,5,1410.18,2,4,4,244,10,En riesgo
17715,201,2,489.59999999999997,2,3,2,232,7,Necesitan atención
17716,23,24,15956.970000000001,4,5,5,455,14,Campeones
17717,421,1,376.92,1,2,2,122,5,Necesitan atención
17718,232,2,439.18,2,3,2,232,7,Necesitan atención
17719,38,15,5396.04,4,5,5,455,14,Campeones
17720,26,10,2768.91,4,5,4,454,13,Campeones
17721,659,1,307.21000000000004,1,2,2,122,5,Necesitan atención
17722,96,5,4430.36,3,4,5,345,12,Leales
17723,127,7,3378.4000000000005,3,4,5,345,12,Leales
17724,71,3,1033.0,3,3,3,333,9,Necesitan atención
17725,16,11,3439.08,5,5,5,555,15,Campeones
17726,395,7,1092.06,2,4,3,243,9,En riesgo
17727,15,1,1060.25,5,2,3,523,10,Potenciales leales
17728,4,5,4238.76,5,4,5,545,14,Campeones
17729,596,1,438.65000000000003,1,2,2,122,5,Necesitan atención
17730,3,20,7773.8,5,5,5,555,15,Campeones
17731,79,6,1708.99,3,4,4,344,11,Leales
17732,373,8,2470.39,2,5,4,254,11,En riesgo
17733,39,2,692.19,4,3,3,433,10,Otros
17734,54,6,1442.32,4,4,4,444,12,Campeones
17735,2,26,17079.93,5,5,5,555,15,Campeones
17736,9,3,377.44,5,3,2,532,10,Otros
17737,9,2,168.24,5,3,1,531,9,Otros
17738,19,13,4183.56,5,5,5,555,15,Campeones
17739,12,18,7730.59,5,5,5,555,15,Campeones
17740,389,6,426.90000000000003,2,4,2,242,8,Otros
17741,407,2,101.1,2,3,1,231,6,Necesitan atención
17742,113,11,2098.48,3,5,4,354,12,Leales
17743,448,1,229.2,1,2,1,121,4,Necesitan atención
17744,4,7,2649.14,5,4,4,544,13,Campeones
17745,478,2,600.34,1,3,2,132,6,Necesitan atención
17746,240,4,904.1800000000001,2,4,3,243,9,En riesgo
17747,113,1,71.4,3,2,1,321,6,Necesitan atención
17748,527,1,358.15,1,2,2,122,5,Necesitan atención
17749,178,3,1026.18,3,3,3,333,9,Necesitan atención
17750,5,9,1797.57,5,5,4,554,14,Campeones
17751,421,1,157.85999999999999,1,2,1,121,4,Necesitan atención
17752,359,1,80.64,2,2,1,221,5,Necesitan atención
17753,464,4,390.56,1,4,2,142,7,Otros
17754,1,13,4577.53,5,5,5,555,15,Campeones
17756,376,3,733.7,2,3,3,233,8,En riesgo
17757,1,56,9422.45,5,5,5,555,15,Campeones
17758,19,12,5012.53,5,5,5,555,15,Campeones
17759,17,5,1276.91,5,4,4,544,13,Campeones
17760,22,6,918.93,4,4,3,443,11,Leales
17761,33,1,712.78,4,2,3,423,9,Potenciales leales
17762,456,1,129.75,1,2,1,121,4,Necesitan atención
17763,263,4,86.15,2,4,1,241,7,Otros
17764,51,5,1623.64,4,4,4,444,12,Campeones
17765,159,4,530.8,3,4,2,342,9,Leales
17766,381,2,299.61,2,3,2,232,7,Necesitan atención
17767,15,2,413.05,5,3,2,532,10,Otros
17768,8,7,3509.51,5,4,5,545,14,Campeones
17769,13,17,7103.08,5,5,5,555,15,Campeones
17770,199,5,1143.27,2,4,3,243,9,En riesgo
17771,57,4,387.40999999999997,4,4,2,442,10,Leales
17772,11,3,384.77,5,3,2,532,10,Otros
17773,514,2,585.27,1,3,2,132,6,Necesitan atención
17774,97,9,3328.05,3,5,5,355,13,Leales
17775,255,1,56.4,2,2,1,221,5,Necesitan atención
17776,387,2,338.56,2,3,2,232,7,Necesitan atención
17777,25,3,665.86,4,3,3,433,10,Otros
17778,662,1,197.70000000000002,1,2,1,121,4,Necesitan atención
17779,21,3,658.57,4,3,3,433,10,Otros
17780,667,3,352.91,1,3,2,132,6,Necesitan atención
17781,159,2,188.02,3,3,1,331,7,Necesitan atención
17782,383,2,679.02,2,3,3,233,8,En riesgo
17783,72,3,379.91,3,3,2,332,8,Necesitan atención
17784,550,1,112.86,1,2,1,121,4,Necesitan atención
17785,53,3,403.38,4,3,2,432,9,Otros
17786,85,2,278.74,3,3,1,331,7,Necesitan atención
17787,153,4,2601.4700000000003,3,4,4,344,11,Leales
17788,74,2,1117.9,3,3,3,333,9,Necesitan atención
17789,281,2,397.15,2,3,2,232,7,Necesitan atención
17790,27,20,2783.61,4,5,4,454,13,Campeones
17791,30,1,106.1,4,2,1,421,7,Potenciales leales
17792,467,2,370.05,1,3,2,132,6,Necesitan atención
17793,25,1,323.04,4,2,2,422,8,Potenciales leales
17794,687,2,147.3,1,3,1,131,5,Necesitan atención
17795,180,2,350.39,3,3,2,332,8,Necesitan atención
17796,40,7,1361.99,4,4,4,444,12,Campeones
17797,22,8,1985.8700000000001,4,5,4,454,13,Campeones
17798,582,1,183.09,1,2,1,121,4,Necesitan atención
17799,22,20,6341.89,4,5,5,455,14,Campeones
17800,37,9,1199.01,4,5,3,453,12,Leales
17801,451,3,798.33,1,3,3,133,7,En riesgo
17802,82,10,5053.12,3,5,5,355,13,Leales
17803,392,1,184.66,2,2,1,221,5,Necesitan atención
17804,376,3,385.23,2,3,2,232,7,Necesitan atención
17805,74,1,512.31,3,2,2,322,7,Necesitan atención
17806,11,1,546.04,5,2,2,522,9,Potenciales leales
17807,395,3,437.87,2,3,2,232,7,Necesitan atención
17808,549,4,262.64,1,4,1,141,6,Otros
17809,16,20,11337.390000000001,5,5,5,555,15,Campeones
17810,669,2,374.81,1,3,2,132,6,Necesitan atención
17811,4,47,9609.8,5,5,5,555,15,Campeones
17812,13,7,1165.89,5,4,3,543,12,Leales
17813,14,5,1770.8799999999999,5,4,4,544,13,Campeones
17814,375,2,1617.32,2,3,4,234,9,En riesgo
17815,393,1,591.96,2,2,2,222,6,Necesitan atención
17816,37,6,112.32,4,4,1,441,9,Leales
17817,4,5,612.85,5,4,3,543,12,Leales
17818,738,1,130.18,1,2,1,121,4,Necesitan atención
17819,72,12,6612.5199999999995,3,5,5,355,13,Leales
17820,374,1,183.56,2,2,1,221,5,Necesitan atención
17821,406,1,334.62,2,2,2,222,6,Necesitan atención
17822,420,5,2188.5,1,4,4,144,9,En riesgo
17823,421,2,494.25,1,3,2,132,6,Necesitan atención
17824,51,1,298.4,4,2,2,422,8,Potenciales leales
17825,599,4,731.96,1,4,3,143,8,En riesgo
17826,374,1,134.59,2,2,1,221,5,Necesitan atención
17827,5,6,2388.05,5,4,4,544,13,Campeones
17828,23,4,1820.09,4,4,4,444,12,Campeones
17829,299,5,4756.74,2,4,5,245,11,En riesgo
17830,2,3,398.7,5,3,2,532,10,Otros
17831,33,1,35.400000000000006,4,2,1,421,7,Potenciales leales
17832,50,1,155.37,4,2,1,421,7,Potenciales leales
17833,723,1,342.36,1,2,2,122,5,Necesitan atención
17834,415,2,730.47,1,3,3,133,7,En riesgo
17835,3,3,350.64,5,3,2,532,10,Otros
17836,47,1,110.21000000000001,4,2,1,421,7,Potenciales leales
17837,42,8,1593.38,4,5,4,454,13,Campeones
17838,27,13,6722.900000000001,4,5,5,455,14,Campeones
17839,42,1,338.8,4,2,2,422,8,Potenciales leales
17840,444,1,185.72,1,2,1,121,4,Necesitan atención
17841,2,211,70884.07,5,5,5,555,15,Campeones
17842,602,1,430.69,1,2,2,122,5,Necesitan atención
17843,303,2,326.23,2,3,2,232,7,Necesitan atención
17844,107,1,51.56,3,2,1,321,6,Necesitan atención
17845,555,4,598.19,1,4,2,142,7,Otros
17847,516,2,129.69000000000003,1,3,1,131,5,Necesitan atención
17848,81,30,3650.9,3,5,5,355,13,Leales
17849,218,8,1063.76,2,5,3,253,10,En riesgo
17850,372,155,56600.08,2,5,5,255,12,En riesgo
17851,422,6,1563.34,1,4,4,144,9,En riesgo
17852,12,5,663.21,5,4,3,543,12,Leales
17853,407,3,1608.19,2,3,4,234,9,En riesgo
17854,185,6,1071.45,3,4,3,343,10,Leales
17855,373,1,417.94,2,2,2,222,6,Necesitan atención
17856,2,4,1418.03,5,4,4,544,13,Campeones
17857,4,20,23677.9,5,5,5,555,15,Campeones
17858,6,30,12797.65,5,5,5,555,15,Campeones
17859,305,1,148.21,2,2,1,221,5,Necesitan atención
17860,369,4,1015.5400000000001,2,4,3,243,9,En riesgo
17861,3,18,5127.69,5,5,5,555,15,Campeones
17862,324,4,1279.09,2,4,4,244,10,En riesgo
17863,59,12,5745.2,4,5,5,455,14,Campeones
17864,13,5,924.32,5,4,3,543,12,Leales
17865,31,46,26374.39,4,5,5,455,14,Campeones
17866,143,3,1134.95,3,3,3,333,9,Necesitan atención
17867,30,15,1621.28,4,5,4,454,13,Campeones
17868,386,1,234.65,2,2,1,221,5,Necesitan atención
17869,107,7,1036.16,3,4,3,343,10,Leales
17870,2,13,3108.1499999999996,5,5,5,555,15,Campeones
17871,205,5,1118.99,2,4,3,243,9,En riesgo
17872,382,1,235.87,2,2,1,221,5,Necesitan atención
17873,80,18,6515.88,3,5,5,355,13,Leales
17874,185,6,683.46,3,4,3,343,10,Leales
17875,688,1,167.1,1,2,1,121,4,Necesitan atención
17876,400,3,3424.02,2,3,5,235,10,En riesgo
17877,170,1,237.61,3,2,1,321,6,Necesitan atención
17878,44,3,1412.33,4,3,4,434,11,Otros
17879,174,1,178.52,3,2,1,321,6,Necesitan atención
17880,365,3,824.9200000000001,2,3,3,233,8,En riesgo
17881,304,1,133.35,2,2,1,221,5,Necesitan atención
17882,379,2,313.46,2,3,2,232,7,Necesitan atención
17883,3,7,995.85,5,4,3,543,12,Leales
17884,4,20,3072.89,5,5,5,555,15,Campeones
17885,12,1,190.19,5,2,1,521,8,Potenciales leales
17886,32,6,1608.38,4,4,4,444,12,Campeones
17887,129,1,111.35,3,2,1,321,6,Necesitan atención
17888,21,25,1820.44,4,5,4,454,13,Campeones
17889,212,7,774.87,2,4,3,243,9,En riesgo
17890,323,2,602.09,2,3,2,232,7,Necesitan atención
17891,162,1,203.85999999999999,3,2,1,321,6,Necesitan atención
17892,56,3,244.1,4,3,1,431,8,Otros
17893,225,1,112.25,2,2,1,221,5,Necesitan atención
17894,72,18,2453.38,3,5,4,354,12,Leales
17895,44,1,98.0,4,2,1,421,7,Potenciales leales
17896,23,1,256.32,4,2,1,421,7,Potenciales leales
17897,173,9,2585.0,3,5,4,354,12,Leales
17898,85,4,299.18,3,4,2,342,9,Leales
17899,159,1,155.8,3,2,1,321,6,Necesitan atención
17900,190,2,112.19999999999999,2,3,1,231,6,Necesitan atención
17901,29,3,260.08,4,3,1,431,8,Otros
17902,547,1,216.4,1,2,1,121,4,Necesitan atención
17903,394,1,381.09000000000003,2,2,2,222,6,Necesitan atención
17904,21,1,191.67000000000002,4,2,1,421,7,Potenciales leales
17905,71,13,2383.52,3,5,4,354,12,Leales
17906,247,1,72.9,2,2,1,221,5,Necesitan atención
17907,641,1,80.08,1,2,1,121,4,Necesitan atención
17908,374,5,1411.54,2,4,4,244,10,En riesgo
17909,737,1,132.55,1,2,1,121,4,Necesitan atención
17910,726,1,261.7,1,2,1,121,4,Necesitan atención
17911,9,1,366.23,5,2,2,522,9,Potenciales leales
17912,310,6,375.5,2,4,2,242,8,Otros
17913,59,14,3479.64,4,5,5,455,14,Campeones
17914,4,1,336.43,5,2,2,522,9,Potenciales leales
17915,551,1,242.13,1,2,1,121,4,Necesitan atención
17916,629,2,43.87,1,3,1,131,5,Necesitan atención
17917,45,3,341.28,4,3,2,432,9,Otros
17918,501,3,396.39,1,3,2,132,6,Necesitan atención
17919,88,2,1840.32,3,3,4,334,10,Otros
17920,4,54,24516.46,5,5,5,555,15,Campeones
17921,64,10,2423.5,3,5,4,354,12,Leales
17922,543,1,170.4,1,2,1,121,4,Necesitan atención
17923,282,3,497.0,2,3,2,232,7,Necesitan atención
17924,12,8,3536.7,5,5,5,555,15,Campeones
17925,373,1,488.16,2,2,2,222,6,Necesitan atención
17926,133,5,1035.49,3,4,3,343,10,Leales
17927,722,1,294.0,1,2,2,122,5,Necesitan atención
17928,45,3,341.24,4,3,2,432,9,Otros
17929,11,12,3082.1,5,5,5,555,15,Campeones
17930,36,13,4275.22,4,5,5,455,14,Campeones
17931,134,14,3437.29,3,5,5,355,13,Leales
17932,29,3,1331.57,4,3,4,434,11,Otros
17933,632,1,114.69,1,2,1,121,4,Necesitan atención
17934,52,3,1049.15,4,3,3,433,10,Otros
17935,138,7,686.14,3,4,3,343,10,Leales
17936,5,1,389.84,5,2,2,522,9,Potenciales leales
17937,9,7,4301.22,5,4,5,545,14,Campeones
17938,420,1,144.29,1,2,1,121,4,Necesitan atención
17939,160,1,99.14,3,2,1,321,6,Necesitan atención
17940,108,9,1067.77,3,5,3,353,11,Leales
17941,131,3,1018.56,3,3,3,333,9,Necesitan atención
17942,8,1,77.50000000000001,5,2,1,521,8,Potenciales leales
17944,423,1,75.41,1,2,1,121,4,Necesitan atención
17945,697,3,360.35,1,3,2,132,6,Necesitan atención
17946,233,2,149.57999999999998,2,3,1,231,6,Necesitan atención
17947,37,1,176.68,4,2,1,421,7,Potenciales leales
17948,147,1,358.56000000000006,3,2,2,322,7,Necesitan atención
17949,8,85,64371.3,5,5,5,555,15,Campeones
17950,72,7,1432.81,3,4,4,344,11,Leales
17951,40,4,1636.0800000000002,4,4,4,444,12,Campeones
17952,378,4,819.61,2,4,3,243,9,En riesgo
17953,540,1,160.82,1,2,1,121,4,Necesitan atención
17954,5,19,3966.05,5,5,5,555,15,Campeones
17955,199,6,949.9,2,4,3,243,9,En riesgo
17956,249,1,12.75,2,2,1,221,5,Necesitan atención
17957,66,1,111.67999999999999,3,2,1,321,6,Necesitan atención
17958,117,2,973.88,3,3,3,333,9,Necesitan atención
17959,592,1,140.75,1,2,1,121,4,Necesitan atención
17960,171,3,135.08,3,3,1,331,7,Necesitan atención
17961,21,100,2995.54,4,5,5,455,14,Campeones
17962,142,4,687.42,3,4,3,343,10,Leales
17963,471,4,651.51,1,4,3,143,8,En riesgo
17964,32,2,733.46,4,3,3,433,10,Otros
17965,38,29,7240.9800000000005,4,5,5,455,14,Campeones
17966,38,10,1974.42,4,5,4,454,13,Campeones
17967,372,2,357.29,2,3,2,232,7,Necesitan atención
17968,374,4,888.0400000000001,2,4,3,243,9,En riesgo
17969,166,20,2369.94,3,5,4,354,12,Leales
17970,211,1,582.59,2,2,2,222,6,Necesitan atención
17971,548,1,161.94,1,2,1,121,4,Necesitan atención
17972,242,1,136.04,2,2,1,221,5,Necesitan atención
17973,52,1,337.04,4,2,2,422,8,Potenciales leales
17974,25,6,1858.06,4,4,4,444,12,Campeones
17975,15,24,7028.83,5,5,5,555,15,Campeones
17976,372,1,706.38,2,2,3,223,7,Necesitan atención
17977,29,2,1565.63,4,3,4,434,11,Otros
17978,365,4,1150.72,2,4,3,243,9,En riesgo
17979,36,4,757.71,4,4,3,443,11,Leales
17980,166,4,1033.42,3,4,3,343,10,Leales
17981,411,1,239.12,1,2,1,121,4,Necesitan atención
17982,681,1,138.18,1,2,1,121,4,Necesitan atención
17983,395,1,171.71,2,2,1,221,5,Necesitan atención
17984,145,5,1191.27,3,4,3,343,10,Leales
17985,22,1,634.95,4,2,3,423,9,Potenciales leales
17986,56,1,20.8,4,2,1,421,7,Potenciales leales
17987,185,5,1003.64,3,4,3,343,10,Leales
17988,12,14,489.54,5,5,2,552,12,Leales
17989,379,1,228.82999999999998,2,2,1,221,5,Necesitan atención
17990,237,6,1527.6100000000001,2,4,4,244,10,En riesgo
17991,225,3,320.55,2,3,2,232,7,Necesitan atención
17992,389,1,254.13,2,2,1,221,5,Necesitan atención
17993,617,1,235.19,1,2,1,121,4,Necesitan atención
17994,122,11,2313.32,3,5,4,354,12,Leales
17995,282,3,495.48,2,3,2,232,7,Necesitan atención
17996,380,3,482.33,2,3,2,232,7,Necesitan atención
17997,74,8,1970.67,3,5,4,354,12,Leales
17998,380,3,639.24,2,3,3,233,8,En riesgo
17999,37,3,730.9,4,3,3,433,10,Otros
18000,564,1,124.25,1,2,1,121,4,Necesitan atención
18001,12,6,953.84,5,4,3,543,12,Leales
18002,376,4,249.92,2,4,1,241,7,Otros
18003,376,1,358.61,2,2,2,222,6,Necesitan atención
18004,362,1,169.47,2,2,1,221,5,Necesitan atención
18005,4,2,249.72,5,3,1,531,9,Otros
18006,23,4,997.86,4,4,3,443,11,Leales
18007,393,1,220.32,2,2,1,221,5,Necesitan atención
18008,70,23,10862.13,3,5,5,355,13,Leales
18009,235,8,2155.83,2,5,4,254,11,En riesgo
18010,257,1,174.8,2,2,1,221,5,Necesitan atención
18011,373,2,527.03,2,3,2,232,7,Necesitan atención
18012,723,1,115.3,1,2,1,121,4,Necesitan atención
18013,155,2,187.29,3,3,1,331,7,Necesitan atención
18014,28,1,166.42,4,2,1,421,7,Potenciales leales
18015,4,1,120.03,5,2,1,521,8,Potenciales leales
18016,32,7,1960.46,4,4,4,444,12,Campeones
18017,81,4,688.0,3,4,3,343,10,Leales
18018,108,4,297.99,3,4,2,342,9,Leales
18019,52,1,38.45,4,2,1,421,7,Potenciales leales
18020,544,1,190.48000000000002,1,2,1,121,4,Necesitan atención
18021,510,2,227.06,1,3,1,131,5,Necesitan atención
18022,36,5,1651.79,4,4,4,444,12,Campeones
18024,153,2,389.78,3,3,2,332,8,Necesitan atención
18025,380,6,1177.72,2,4,3,243,9,En riesgo
18026,501,2,2074.07,1,3,4,134,8,En riesgo
18027,99,1,115.31,3,2,1,321,6,Necesitan atención
18028,583,1,192.05,1,2,1,121,4,Necesitan atención
18029,642,1,433.77,1,2,2,122,5,Necesitan atención
18030,4,2,230.64999999999998,5,3,1,531,9,Otros
18031,379,1,462.1,2,2,2,222,6,Necesitan atención
18032,334,1,73.5,2,2,1,221,5,Necesitan atención
18033,65,1,97.97,3,2,1,321,6,Necesitan atención
18034,22,3,793.7,4,3,3,433,10,Otros
18035,36,5,1276.74,4,4,4,444,12,Campeones
18036,32,11,1563.64,4,5,4,454,13,Campeones
18037,154,15,167.42,3,5,1,351,9,Leales
18038,556,1,149.41,1,2,1,121,4,Necesitan atención
18039,374,4,579.17,2,4,2,242,8,Otros
18040,19,2,357.20000000000005,5,3,2,532,10,Otros
18041,12,38,8752.38,5,5,5,555,15,Campeones
18042,54,2,281.15,4,3,1,431,8,Otros
18043,25,3,875.97,4,3,3,433,10,Otros
18044,4,18,3505.61,5,5,5,555,15,Campeones
18045,45,1,189.4,4,2,1,421,7,Potenciales leales
18046,650,1,189.63,1,2,1,121,4,Necesitan atención
18047,381,2,342.69,2,3,2,232,7,Necesitan atención
18048,203,3,401.73,2,3,2,232,7,Necesitan atención
18049,437,2,556.52,1,3,2,132,6,Necesitan atención
18050,359,2,412.06,2,3,2,232,7,Necesitan atención
18051,634,7,2282.28,1,4,4,144,9,En riesgo
18052,565,1,805.6,1,2,3,123,6,Necesitan atención
18053,71,3,571.07,3,3,2,332,8,Necesitan atención
18054,393,1,176.5,2,2,1,221,5,Necesitan atención
18055,7,14,11195.57,5,5,5,555,15,Campeones
18056,288,2,554.6,2,3,2,232,7,Necesitan atención
18057,393,3,1203.56,2,3,3,233,8,En riesgo
18058,10,3,774.06,5,3,3,533,11,Otros
18059,23,3,306.46,4,3,2,432,9,Otros
18060,408,2,1185.46,2,3,3,233,8,En riesgo
18061,22,28,6488.97,4,5,5,455,14,Campeones
18062,173,6,1632.67,3,4,4,344,11,Leales
18063,391,2,186.60000000000002,2,3,1,231,6,Necesitan atención
18064,133,11,4495.03,3,5,5,355,13,Leales
18065,6,29,5866.63,5,5,5,555,15,Campeones
18066,75,3,1440.4,3,3,4,334,10,Otros
18067,40,1,396.33,4,2,2,422,8,Potenciales leales
18068,289,1,101.7,2,2,1,221,5,Necesitan atención
18069,26,11,4540.56,4,5,5,455,14,Campeones
18070,669,1,314.1,1,2,2,122,5,Necesitan atención
18071,258,6,1428.63,2,4,4,244,10,En riesgo
18072,186,1,247.44,3,2,1,321,6,Necesitan atención
18073,114,12,3877.52,3,5,5,355,13,Leales
18074,374,2,1509.04,2,3,4,234,9,En riesgo
18075,23,20,5783.29,4,5,5,455,14,Campeones
18076,380,1,151.49,2,2,1,221,5,Necesitan atención
18077,8,18,4338.56,5,5,5,555,15,Campeones
18078,217,4,844.6,2,4,3,243,9,En riesgo
18079,45,5,4242.75,4,4,5,445,13,Campeones
18080,19,2,1231.5,5,3,4,534,12,Otros
18081,36,3,343.45,4,3,2,432,9,Otros
18082,26,1,703.37,4,2,3,423,9,Potenciales leales
18083,398,1,470.73,2,2,2,222,6,Necesitan atención
18084,16,3,812.9300000000001,5,3,3,533,11,Otros
18085,330,4,1645.75,2,4,4,244,10,En riesgo
18086,274,1,101.34,2,2,1,221,5,Necesitan atención
18087,380,15,10705.800000000001,2,5,5,255,12,En riesgo
18088,61,1,167.67000000000002,3,2,1,321,6,Necesitan atención
18089,447,1,428.45,1,2,2,122,5,Necesitan atención
18090,422,1,349.4,1,2,2,122,5,Necesitan atención
18091,593,1,360.85,1,2,2,122,5,Necesitan atención
18092,2,18,14967.44,5,5,5,555,15,Campeones
18093,93,8,4452.71,3,5,5,355,13,Leales
18094,82,13,5959.52,3,5,5,355,13,Leales
18095,313,5,2303.09,2,4,4,244,10,En riesgo
18096,12,6,1805.28,5,4,4,544,13,Campeones
18097,8,11,4663.32,5,5,5,555,15,Campeones
18098,396,1,550.84,2,2,2,222,6,Necesitan atención
18099,127,1,168.31,3,2,1,321,6,Necesitan atención
18100,550,1,451.56,1,2,2,122,5,Necesitan atención
18101,11,5,629.16,5,4,3,543,12,Leales
18102,1,141,502933.07,5,5,5,555,15,Campeones
18103,549,1,105.8,1,2,1,121,4,Necesitan atención
18104,37,1,754.64,4,2,3,423,9,Potenciales leales
18105,38,1,113.48000000000002,4,2,1,421,7,Potenciales leales
18106,330,6,1461.46,2,4,4,244,10,En riesgo
18107,442,1,167.13,1,2,1,121,4,Necesitan atención
18108,254,3,848.8100000000001,2,3,3,233,8,En riesgo
18109,2,38,9893.96,5,5,5,555,15,Campeones
18110,20,2,435.43,4,3,2,432,9,Otros
18111,589,1,405.85,1,2,2,122,5,Necesitan atención
18112,12,4,775.96,5,4,3,543,12,Leales
18113,369,1,152.64,2,2,1,221,5,Necesitan atención
18114,290,1,220.1,2,2,1,221,5,Necesitan atención
18115,698,1,9.700000000000001,1,2,1,121,4,Necesitan atención
18116,68,13,2154.3,3,5,4,354,12,Leales
18117,26,1,320.71999999999997,4,2,2,422,8,Potenciales leales
18118,11,29,6733.22,5,5,5,555,15,Campeones
18119,368,1,362.24,2,2,2,222,6,Necesitan atención
18120,214,1,111.15,2,2,1,221,5,Necesitan atención
18121,149,2,673.1,3,3,3,333,9,Necesitan atención
18122,8,6,1826.21,5,4,4,544,13,Campeones
18123,24,3,684.59,4,3,3,433,10,Otros
18124,472,1,111.53,1,2,1,121,4,Necesitan atención
18125,30,4,1142.99,4,4,3,443,11,Leales
18126,61,1,206.82999999999998,3,2,1,321,6,Necesitan atención
18127,19,4,561.53,5,4,2,542,11,Leales
18128,537,1,420.04,1,2,2,122,5,Necesitan atención
18129,243,1,112.55,2,2,1,221,5,Necesitan atención
18130,15,3,1059.39,5,3,3,533,11,Otros
18131,632,1,222.95999999999998,1,2,1,121,4,Necesitan atención
18132,504,1,226.9,1,2,1,121,4,Necesitan atención
18134,598,2,445.0,1,3,2,132,6,Necesitan atención
18135,29,10,1249.6200000000001,4,5,4,454,13,Campeones
18136,63,5,1631.3600000000001,3,4,4,344,11,Leales
18137,551,2,145.99,1,3,1,131,5,Necesitan atención
18138,295,1,152.65,2,2,1,221,5,Necesitan atención
18139,18,6,8438.34,5,4,5,545,14,Campeones
18140,474,1,536.41,1,2,2,122,5,Necesitan atención
18141,402,2,882.47,2,3,3,233,8,En riesgo
18142,157,2,1019.52,3,3,3,333,9,Necesitan atención
18143,117,2,1000.16,3,3,3,333,9,Necesitan atención
18144,8,19,5058.0,5,5,5,555,15,Campeones
18145,13,11,5617.79,5,5,5,555,15,Campeones
18146,141,2,160.35,3,3,1,331,7,Necesitan atención
18147,46,2,179.34,4,3,1,431,8,Otros
18148,647,1,114.10000000000001,1,2,1,121,4,Necesitan atención
18149,51,7,1624.71,4,4,4,444,12,Campeones
18150,32,3,566.58,4,3,2,432,9,Otros
18151,135,6,1879.44,3,4,4,344,11,Leales
18152,646,1,426.69,1,2,2,122,5,Necesitan atención
18153,659,1,246.22,1,2,1,121,4,Necesitan atención
18154,3,5,932.6,5,4,3,543,12,Leales
18155,75,3,371.62,3,3,2,332,8,Necesitan atención
18156,13,2,941.1700000000001,5,3,3,533,11,Otros
18157,571,1,215.35,1,2,1,121,4,Necesitan atención
18158,9,2,453.4,5,3,2,532,10,Otros
18159,301,1,530.15,2,2,2,222,6,Necesitan atención
18160,57,3,1003.88,4,3,3,433,10,Otros
18161,15,6,1803.1000000000001,5,4,4,544,13,Campeones
18162,732,1,379.16,1,2,2,122,5,Necesitan atención
18163,584,1,728.84,1,2,3,123,6,Necesitan atención
18164,37,1,399.65,4,2,2,422,8,Potenciales leales
18165,177,1,302.46,3,2,2,322,7,Necesitan atención
18166,624,1,175.5,1,2,1,121,4,Necesitan atención
18167,23,3,1384.8600000000001,4,3,4,434,11,Otros
18168,176,16,3770.27,3,5,5,355,13,Leales
18169,61,1,202.65,3,2,1,321,6,Necesitan atención
18170,33,9,2878.0,4,5,4,454,13,Campeones
18171,59,9,2437.31,4,5,4,454,13,Campeones
18172,15,52,17184.84,5,5,5,555,15,Campeones
18173,87,5,2696.36,3,4,4,344,11,Leales
18174,7,2,162.5,5,3,1,531,9,Otros
18175,676,1,176.1,1,2,1,121,4,Necesitan atención
18176,358,1,476.35,2,2,2,222,6,Necesitan atención
18177,31,9,2216.87,4,5,4,454,13,Campeones
18178,129,11,6103.74,3,5,5,355,13,Leales
18179,9,8,2547.55,5,5,4,554,14,Campeones
18180,5,6,1843.75,5,4,4,544,13,Campeones
18181,24,5,1205.94,4,4,3,443,11,Leales
18182,463,1,291.13,1,2,2,122,5,Necesitan atención
18183,227,2,632.07,2,3,3,233,8,En riesgo
18184,15,1,49.8,5,2,1,521,8,Potenciales leales
18185,249,1,304.25,2,2,2,222,6,Necesitan atención
18186,723,1,329.58000000000004,1,2,2,122,5,Necesitan atención
18187,632,1,724.89,1,2,3,123,6,Necesitan atención
18188,15,6,3280.59,5,4,5,545,14,Campeones
18189,78,3,1403.73,3,3,4,334,10,Otros
18190,192,5,745.62,2,4,3,243,9,En riesgo
18191,262,2,529.4,2,3,2,232,7,Necesitan atención
18192,72,1,957.97,3,2,3,323,8,Necesitan atención
18193,165,3,1207.35,3,3,3,333,9,Necesitan atención
18194,82,6,4162.04,3,4,5,345,12,Leales
18195,387,1,101.16,2,2,1,221,5,Necesitan atención
18196,95,4,1464.31,3,4,4,344,11,Leales
18197,576,1,230.1,1,2,1,121,4,Necesitan atención
18198,4,17,5425.56,5,5,5,555,15,Campeones
18199,684,1,344.75,1,2,2,122,5,Necesitan atención
18200,106,1,163.8,3,2,1,321,6,Necesitan atención
18201,723,1,447.53000000000003,1,2,2,122,5,Necesitan atención
18202,200,3,1396.99,2,3,4,234,9,En riesgo
18203,157,4,504.42,3,4,2,342,9,Leales
18204,71,3,1993.7,3,3,4,334,10,Otros
18205,36,2,517.36,4,3,2,432,9,Otros
18206,553,1,314.65999999999997,1,2,2,122,5,Necesitan atención
18207,499,1,544.47,1,2,2,122,5,Necesitan atención
18208,566,1,360.08,1,2,2,122,5,Necesitan atención
18209,29,1,139.10000000000002,4,2,1,421,7,Potenciales leales
18210,2,7,2768.83,5,4,4,544,13,Campeones
18211,26,5,600.07,4,4,2,442,10,Leales
18212,326,2,546.72,2,3,2,232,7,Necesitan atención
18213,237,1,232.48000000000002,2,2,1,221,5,Necesitan atención
18214,531,4,1780.34,1,4,4,144,9,En riesgo
18215,89,5,2247.4900000000002,3,4,4,344,11,Leales
18216,31,1,481.75,4,2,2,422,8,Potenciales leales
18217,29,4,945.04,4,4,3,443,11,Leales
18218,211,4,1142.0,2,4,3,243,9,En riesgo
18219,3,17,3562.89,5,5,5,555,15,Campeones
18220,227,6,1921.76,2,4,4,244,10,En riesgo
18221,22,6,1424.94,4,4,4,444,12,Campeones
18222,93,1,443.0,3,2,2,322,7,Necesitan atención
18223,5,26,14000.85,5,5,5,555,15,Campeones
18224,264,1,158.95000000000002,2,2,1,221,5,Necesitan atención
18225,3,26,13054.26,5,5,5,555,15,Campeones
18226,44,26,11878.88,4,5,5,455,14,Campeones
18227,218,1,93.75,2,2,1,221,5,Necesitan atención
18228,57,2,779.9,4,3,3,433,10,Otros
18229,12,28,10803.71,5,5,5,555,15,Campeones
18230,9,9,4291.06,5,5,5,555,15,Campeones
18231,192,28,6880.97,2,5,5,255,12,En riesgo
18232,82,4,592.97,3,4,2,342,9,Leales
18233,326,1,440.0,2,2,2,222,6,Necesitan atención
18234,552,1,179.6,1,2,1,121,4,Necesitan atención
18235,72,3,1796.48,3,3,4,334,10,Otros
18236,30,12,1795.3500000000001,4,5,4,454,13,Campeones
18237,3,5,987.1,5,4,3,543,12,Leales
18238,515,1,270.92,1,2,1,121,4,Necesitan atención
18239,219,6,2150.36,2,4,4,244,10,En riesgo
18240,46,1,422.58,4,2,2,422,8,Potenciales leales
18241,10,21,2986.9900000000002,5,5,5,555,15,Campeones
18242,72,8,3605.21,3,5,5,355,13,Leales
18243,414,1,515.78,1,2,2,122,5,Necesitan atención
18244,431,2,568.64,1,3,2,132,6,Necesitan atención
18245,7,20,6324.9800000000005,5,5,5,555,15,Campeones
18246,24,3,758.8199999999999,4,3,3,433,10,Otros
18247,415,3,839.73,1,3,3,133,7,En riesgo
18248,123,2,804.02,3,3,3,333,9,Necesitan atención
18249,17,1,95.34,5,2,1,521,8,Potenciales leales
18250,310,1,349.27,2,2,2,222,6,Necesitan atención
18251,87,9,15962.6,3,5,5,355,13,Leales
18252,51,7,1542.09,4,4,4,444,12,Campeones
18253,643,1,317.88,1,2,2,122,5,Necesitan atención
18254,581,1,267.9,1,2,1,121,4,Necesitan atención
18255,89,2,303.15,3,3,2,332,8,Necesitan atención
18256,388,1,110.69999999999999,2,2,1,221,5,Necesitan atención
18257,39,12,4600.15,4,5,5,455,14,Campeones
18258,464,6,2059.67,1,4,4,144,9,En riesgo
18259,25,7,4318.2,4,4,5,445,13,Campeones
18260,173,23,9372.11,3,5,5,355,13,Leales
18261,43,2,324.24,4,3,2,432,9,Otros
18262,140,3,577.54,3,3,2,332,8,Necesitan atención
18263,26,3,1213.16,4,3,3,433,10,Otros
18264,499,1,603.25,1,2,2,122,5,Necesitan atención
18265,72,2,801.51,3,3,3,333,9,Necesitan atención
18266,434,1,251.1,1,2,1,121,4,Necesitan atención
18267,673,1,269.37,1,2,1,121,4,Necesitan atención
18268,134,6,1490.23,3,4,4,344,11,Leales
18269,366,1,337.2,2,2,2,222,6,Necesitan atención
18270,38,3,444.55,4,3,2,432,9,Otros
18271,610,2,680.85,1,3,3,133,7,En riesgo
18272,3,9,4385.9800000000005,5,5,5,555,15,Campeones
18273,2,4,357.0,5,4,2,542,11,Leales
18274,30,1,175.92,4,2,1,421,7,Potenciales leales
18275,578,2,741.85,1,3,3,133,7,En riesgo
18276,44,6,1656.52,4,4,4,444,12,Campeones
18277,58,5,1180.05,4,4,3,443,11,Leales
18278,74,2,414.20000000000005,3,3,2,332,8,Necesitan atención
18279,519,1,231.34,1,2,1,121,4,Necesitan atención
18280,278,2,488.15000000000003,2,3,2,232,7,Necesitan atención
18281,181,2,201.14,3,3,1,331,7,Necesitan atención
18282,8,2,178.05,5,3,1,531,9,Otros
18283,4,22,2736.65,5,5,4,554,14,Campeones
18284,432,1,461.68,1,2,2,122,5,Necesitan atención
18285,661,1,427.0,1,2,2,122,5,Necesitan atención
18286,477,2,1296.43,1,3,4,134,8,En riesgo
18287,43,7,4182.99,4,4,5,445,13,Campeones
